feature,cell_type,overweight_vs_normal_mean,overweight_vs_normal_hdi_low,overweight_vs_normal_hdi_high,overweight_vs_normal_prob_pos,overweight_vs_normal_prob_sig,obese_vs_normal_mean,obese_vs_normal_hdi_low,obese_vs_normal_hdi_high,obese_vs_normal_prob_pos,obese_vs_normal_prob_sig,obese_vs_overweight_mean,obese_vs_overweight_hdi_low,obese_vs_overweight_hdi_high,obese_vs_overweight_prob_pos,obese_vs_overweight_prob_sig,overweight_prob_gt_0.1,overweight_prob_gt_0.2,overweight_prob_gt_0.3,overweight_prob_gt_0.5,obese_prob_gt_0.1,obese_prob_gt_0.2,obese_prob_gt_0.3,obese_prob_gt_0.5,obese_vs_overweight_prob_gt_0.1,obese_vs_overweight_prob_gt_0.2,obese_vs_overweight_prob_gt_0.3,obese_vs_overweight_prob_gt_0.5,overweight_evidence_medium,overweight_evidence_large,obese_evidence_medium,obese_evidence_large,obese_vs_overweight_evidence_medium,obese_vs_overweight_evidence_large,overweight_credible,obese_credible,obese_vs_overweight_credible,overweight_direction,obese_direction,obese_vs_overweight_direction,overweight_credible_rope,obese_credible_rope,obese_vs_overweight_credible_rope
BASOPHILS||Activation_Signaling_Signature,BASOPHILS,0.05,-0.045,0.145,0.85925,0.1365,-0.017,-0.128,0.096,0.382875,0.08975,-0.066,-0.199,0.077,0.160125,0.31675,0.1365,0.002,0.0,0.0,0.08975,0.0025,0.0,0.0,0.31675,0.028,0.00075,0.0,Negligible,Negligible,Negligible,Negligible,Negligible,Negligible,False,False,False,none,none,none,False,False,False
BASOPHILS||Adipose_Allergy_Signature,BASOPHILS,0.056,-0.04,0.148,0.8895,0.171375,-0.014,-0.128,0.098,0.396125,0.087125,-0.07,-0.205,0.062,0.145625,0.329375,0.171375,0.004125,0.0,0.0,0.087125,0.001625,0.0,0.0,0.329375,0.03075,0.000875,0.0,Negligible,Negligible,Negligible,Negligible,Negligible,Negligible,False,False,False,none,none,none,False,False,False
BASOPHILS||Angiogenesis_Regulation_Signature,BASOPHILS,0.043,-0.054,0.137,0.834,0.11325,-0.014,-0.124,0.101,0.395375,0.086625,-0.057,-0.188,0.086,0.194,0.28325,0.11325,0.001125,0.0,0.0,0.086625,0.00275,0.0,0.0,0.28325,0.0195,0.00025,0.0,Negligible,Negligible,Negligible,Negligible,Negligible,Negligible,False,False,False,none,none,none,False,False,False
BASOPHILS||Anti_Apoptotic_Signature,BASOPHILS,0.047,-0.047,0.144,0.849875,0.12975,-0.023,-0.135,0.087,0.343,0.098875,-0.071,-0.21,0.066,0.14325,0.334875,0.12975,0.002,0.0,0.0,0.098875,0.004875,0.0,0.0,0.334875,0.03275,0.00175,0.0,Negligible,Negligible,Negligible,Negligible,Negligible,Negligible,False,False,False,none,none,none,False,False,False
BASOPHILS||Cellular_Stress_Response_Signature,BASOPHILS,0.046,-0.044,0.142,0.845125,0.122375,-0.023,-0.138,0.088,0.346875,0.102,-0.069,-0.207,0.068,0.156375,0.32575,0.122375,0.000875,0.0,0.0,0.102,0.003875,0.00025,0.0,0.32575,0.03475,0.001625,0.0,Negligible,Negligible,Negligible,Negligible,Negligible,Negligible,False,False,False,none,none,none,False,False,False
BASOPHILS||Chronic_Activation_Signature,BASOPHILS,0.047,-0.049,0.135,0.855625,0.12425,-0.017,-0.131,0.095,0.3845,0.089125,-0.064,-0.202,0.073,0.169,0.301625,0.12425,0.001875,0.0,0.0,0.089125,0.002625,0.000125,0.0,0.301625,0.0245,0.000875,0.0,Negligible,Negligible,Negligible,Negligible,Negligible,Negligible,False,False,False,none,none,none,False,False,False
BASOPHILS||Complement_Activation_Signature,BASOPHILS,0.057,-0.038,0.153,0.898875,0.171,-0.026,-0.144,0.083,0.331875,0.114625,-0.083,-0.223,0.051,0.110625,0.394125,0.171,0.005375,0.0,0.0,0.114625,0.004875,0.00025,0.0,0.394125,0.053875,0.00325,0.0,Negligible,Negligible,Negligible,Negligible,Negligible,Negligible,False,False,False,none,none,none,False,False,False
BASOPHILS||Cytokine_Production_Signature,BASOPHILS,0.035,-0.068,0.126,0.7805,0.09,-0.007,-0.119,0.105,0.439125,0.081,-0.042,-0.183,0.099,0.267875,0.233,0.09,0.00075,0.0,0.0,0.081,0.001375,0.0,0.0,0.233,0.0115,0.0,0.0,Negligible,Negligible,Negligible,Negligible,Negligible,Negligible,False,False,False,none,none,none,False,False,False
BASOPHILS||ER_Stress_Response_Signature,BASOPHILS,0.044,-0.053,0.138,0.831375,0.121125,-0.022,-0.133,0.09,0.352375,0.097625,-0.067,-0.207,0.071,0.168375,0.320375,0.121125,0.000875,0.0,0.0,0.097625,0.004375,0.0,0.0,0.320375,0.031125,0.001375,0.0,Negligible,Negligible,Negligible,Negligible,Negligible,Negligible,False,False,False,none,none,none,False,False,False
BASOPHILS||Epigenetic_Dysregulation_Signature,BASOPHILS,0.057,-0.036,0.151,0.892875,0.173375,-0.019,-0.125,0.098,0.36825,0.09025,-0.076,-0.212,0.061,0.128375,0.356625,0.173375,0.004125,0.0,0.0,0.09025,0.003,0.000125,0.0,0.356625,0.04125,0.002125,0.0,Negligible,Negligible,Negligible,Negligible,Negligible,Negligible,False,False,False,none,none,none,False,False,False
BASOPHILS||Histamine_Signature,BASOPHILS,0.06,-0.031,0.157,0.90775,0.192375,-0.017,-0.132,0.091,0.38125,0.089375,-0.077,-0.211,0.06,0.1285,0.36575,0.192375,0.008125,0.0,0.0,0.089375,0.00225,0.0,0.0,0.36575,0.04,0.001625,0.0,Negligible,Negligible,Negligible,Negligible,Negligible,Negligible,False,False,False,none,none,none,False,False,False
BASOPHILS||Immunosenescence_Signature,BASOPHILS,0.052,-0.038,0.152,0.87275,0.145,-0.01,-0.126,0.101,0.42175,0.085375,-0.062,-0.193,0.085,0.180375,0.294875,0.145,0.00275,0.0,0.0,0.085375,0.001375,0.0,0.0,0.294875,0.025625,0.0005,0.0,Negligible,Negligible,Negligible,Negligible,Negligible,Negligible,False,False,False,none,none,none,False,False,False
BASOPHILS||Inflammatory_Mediator_Signature,BASOPHILS,0.032,-0.07,0.128,0.766,0.087625,-0.017,-0.128,0.095,0.37825,0.093125,-0.05,-0.188,0.093,0.238125,0.26225,0.087625,0.0005,0.0,0.0,0.093125,0.002125,0.0,0.0,0.26225,0.015875,0.000375,0.0,Negligible,Negligible,Negligible,Negligible,Negligible,Negligible,False,False,False,none,none,none,False,False,False
BASOPHILS||Inflammatory_Response_Signature,BASOPHILS,0.032,-0.071,0.126,0.768375,0.079625,-0.012,-0.122,0.1,0.40725,0.08225,-0.044,-0.177,0.099,0.252,0.238125,0.079625,0.000625,0.0,0.0,0.08225,0.0025,0.0,0.0,0.238125,0.0145,0.00025,0.0,Negligible,Negligible,Negligible,Negligible,Negligible,Negligible,False,False,False,none,none,none,False,False,False
BASOPHILS||Insulin_Resistance_Signaling_Signature,BASOPHILS,0.052,-0.041,0.147,0.871375,0.142875,-0.017,-0.129,0.092,0.382,0.0885,-0.069,-0.203,0.071,0.153375,0.320625,0.142875,0.003,0.0,0.0,0.0885,0.00325,0.000125,0.0,0.320625,0.031625,0.001125,0.000125,Negligible,Negligible,Negligible,Negligible,Negligible,Negligible,False,False,False,none,none,none,False,False,False
BASOPHILS||Lineage_Program_Signature,BASOPHILS,0.048,-0.042,0.146,0.85475,0.13075,-0.013,-0.124,0.101,0.406875,0.0865,-0.06,-0.201,0.071,0.1855,0.292875,0.13075,0.002,0.0,0.0,0.0865,0.001,0.0,0.0,0.292875,0.021,0.0005,0.0,Negligible,Negligible,Negligible,Negligible,Negligible,Negligible,False,False,False,none,none,none,False,False,False
BASOPHILS||Lipid_Mediator_Signature,BASOPHILS,0.057,-0.038,0.153,0.8945,0.181375,-0.016,-0.129,0.091,0.380875,0.086,-0.074,-0.211,0.066,0.137875,0.350875,0.181375,0.006625,0.000125,0.0,0.086,0.00225,0.000125,0.0,0.350875,0.039875,0.00125,0.0,Negligible,Negligible,Negligible,Negligible,Negligible,Negligible,False,False,False,none,none,none,False,False,False
BASOPHILS||Lipid_Metabolism_Signature,BASOPHILS,0.07,-0.027,0.175,0.931875,0.250125,-0.018,-0.125,0.097,0.368375,0.09,-0.087,-0.225,0.056,0.105875,0.420625,0.250125,0.01525,0.000625,0.0,0.09,0.00225,0.000125,0.0,0.420625,0.0585,0.005125,0.000125,Negligible,Negligible,Negligible,Negligible,Negligible,Negligible,False,False,False,none,none,none,False,False,False
BASOPHILS||Microbiome_Response_Signature,BASOPHILS,0.037,-0.057,0.135,0.79525,0.09875,-0.019,-0.133,0.088,0.368625,0.09275,-0.057,-0.194,0.086,0.200875,0.280875,0.09875,0.00075,0.0,0.0,0.09275,0.003125,0.0,0.0,0.280875,0.020125,0.001125,0.0,Negligible,Negligible,Negligible,Negligible,Negligible,Negligible,False,False,False,none,none,none,False,False,False
BASOPHILS||Migration_Signature,BASOPHILS,0.045,-0.047,0.138,0.84675,0.1155,-0.015,-0.13,0.091,0.39775,0.08425,-0.06,-0.198,0.073,0.181125,0.28825,0.1155,0.001625,0.000125,0.0,0.08425,0.002625,0.0,0.0,0.28825,0.02175,0.00075,0.0,Negligible,Negligible,Negligible,Negligible,Negligible,Negligible,False,False,False,none,none,none,False,False,False
BASOPHILS||Mitochondrial_Function_Signature,BASOPHILS,0.065,-0.031,0.168,0.9195,0.2265,-0.019,-0.13,0.096,0.368125,0.0955,-0.084,-0.218,0.061,0.112375,0.40075,0.2265,0.011625,0.000375,0.0,0.0955,0.003875,0.0,0.0,0.40075,0.056125,0.004125,0.0,Negligible,Negligible,Negligible,Negligible,Negligible,Negligible,False,False,False,none,none,none,False,False,False
BASOPHILS||Protease_Release_Activity_Signature,BASOPHILS,0.05,-0.053,0.137,0.86225,0.135875,-0.013,-0.127,0.096,0.410375,0.083625,-0.062,-0.201,0.073,0.17875,0.2995,0.135875,0.002,0.0,0.0,0.083625,0.002125,0.0,0.0,0.2995,0.025125,0.000125,0.0,Negligible,Negligible,Negligible,Negligible,Negligible,Negligible,False,False,False,none,none,none,False,False,False
BASOPHILS||Senescence_Signature,BASOPHILS,0.045,-0.051,0.136,0.841625,0.124625,-0.017,-0.128,0.097,0.3785,0.09025,-0.063,-0.193,0.078,0.17625,0.30325,0.124625,0.00075,0.0,0.0,0.09025,0.002125,0.0,0.0,0.30325,0.023625,0.00075,0.0,Negligible,Negligible,Negligible,Negligible,Negligible,Negligible,False,False,False,none,none,none,False,False,False
BASOPHILS||Surface_Receptor_Expression_Signature,BASOPHILS,0.046,-0.051,0.137,0.85,0.1275,-0.014,-0.13,0.09,0.401125,0.085375,-0.06,-0.192,0.08,0.184625,0.289,0.1275,0.002125,0.000125,0.0,0.085375,0.0015,0.0,0.0,0.289,0.022625,0.00075,0.0,Negligible,Negligible,Negligible,Negligible,Negligible,Negligible,False,False,False,none,none,none,False,False,False
BASOPHILS||Type2_Cytokine_Expression_Signature,BASOPHILS,0.038,-0.06,0.133,0.799875,0.106125,-0.006,-0.117,0.11,0.437625,0.082875,-0.044,-0.177,0.098,0.248125,0.235375,0.106125,0.0005,0.0,0.0,0.082875,0.002875,0.000125,0.0,0.235375,0.011875,0.00025,0.0,Negligible,Negligible,Negligible,Negligible,Negligible,Negligible,False,False,False,none,none,none,False,False,False
B_CELLS_NAIVE||Activation_Signature,B CELLS NAIVE,0.24,0.135,0.335,1.0,0.989625,0.267,0.142,0.388,0.999875,0.996125,0.028,-0.113,0.179,0.644,0.19475,0.989625,0.8,0.1025,0.0,0.996125,0.87525,0.27675,0.00125,0.19475,0.017375,0.001125,0.0,Weak,Negligible,Moderate,Negligible,Negligible,Negligible,True,True,False,up,up,none,False,False,False
B_CELLS_NAIVE||Autophagy_Regulation_Signature,B CELLS NAIVE,0.258,0.156,0.351,1.0,0.998125,0.264,0.141,0.386,0.999625,0.99475,0.006,-0.131,0.157,0.534875,0.16075,0.998125,0.885875,0.182375,0.0,0.99475,0.858625,0.26725,0.00075,0.16075,0.01125,0.0,0.0,Moderate,Negligible,Moderate,Negligible,Negligible,Negligible,True,True,False,up,up,none,False,False,False
B_CELLS_NAIVE||Cell_Proliferation_Signature,B CELLS NAIVE,0.263,0.169,0.366,1.0,0.999125,0.254,0.134,0.375,0.99925,0.98875,-0.009,-0.155,0.132,0.461875,0.164,0.999125,0.90525,0.216,0.00025,0.98875,0.82225,0.21475,0.000375,0.164,0.011,0.000625,0.0,Moderate,Negligible,Moderate,Negligible,Negligible,Negligible,True,True,False,up,up,none,False,False,False
B_CELLS_NAIVE||Fatty_Acid_Oxidation_Signature,B CELLS NAIVE,0.259,0.166,0.357,1.0,0.99925,0.263,0.149,0.395,0.999875,0.993375,0.005,-0.145,0.148,0.52475,0.164,0.99925,0.896,0.18725,0.000125,0.993375,0.862,0.256375,0.00025,0.164,0.0105,0.000125,0.0,Moderate,Negligible,Moderate,Negligible,Negligible,Negligible,True,True,False,up,up,none,False,False,False
B_CELLS_NAIVE||Glycolysis_Signature,B CELLS NAIVE,0.251,0.155,0.346,1.0,0.996875,0.267,0.144,0.389,0.9995,0.995375,0.016,-0.122,0.163,0.587875,0.169,0.996875,0.859,0.143625,0.0,0.995375,0.87325,0.27775,0.000625,0.169,0.010625,0.00075,0.0,Moderate,Negligible,Moderate,Negligible,Negligible,Negligible,True,True,False,up,up,none,False,False,False
B_CELLS_NAIVE||Hedgehog_Signaling_Signature,B CELLS NAIVE,0.251,0.157,0.35,1.0,0.997625,0.261,0.138,0.384,0.999875,0.992625,0.01,-0.132,0.15,0.555375,0.165875,0.997625,0.861375,0.150375,0.0,0.992625,0.853625,0.250875,0.000625,0.165875,0.009,0.00025,0.0,Moderate,Negligible,Moderate,Negligible,Negligible,Negligible,True,True,False,up,up,none,False,False,False
B_CELLS_NAIVE||Hypoxia_Response_Signature,B CELLS NAIVE,0.243,0.141,0.34,0.999875,0.992375,0.273,0.144,0.394,1.0,0.997,0.03,-0.108,0.184,0.6505,0.197625,0.992375,0.8205,0.117125,0.0,0.997,0.8915,0.302,0.001875,0.197625,0.017875,0.00125,0.0,Moderate,Negligible,Moderate,Negligible,Negligible,Negligible,True,True,False,up,up,none,False,False,False
B_CELLS_NAIVE||Lipid_Metabolism_Signature,B CELLS NAIVE,0.26,0.158,0.354,1.0,0.99925,0.257,0.136,0.378,0.99975,0.992125,-0.003,-0.15,0.136,0.485625,0.15625,0.99925,0.9,0.19775,0.00025,0.992125,0.839,0.228375,0.000375,0.15625,0.009875,0.000125,0.0,Moderate,Negligible,Moderate,Negligible,Negligible,Negligible,True,True,False,up,up,none,False,False,False
B_CELLS_NAIVE||MAPK_Signaling_Signature,B CELLS NAIVE,0.256,0.16,0.352,1.0,0.999125,0.262,0.136,0.378,0.999875,0.994375,0.006,-0.13,0.157,0.53375,0.16175,0.999125,0.881375,0.173125,0.0,0.994375,0.854875,0.25025,0.000625,0.16175,0.00875,0.0005,0.0,Moderate,Negligible,Moderate,Negligible,Negligible,Negligible,True,True,False,up,up,none,False,False,False
B_CELLS_NAIVE||NF_kB_Signaling_Signature,B CELLS NAIVE,0.252,0.153,0.348,1.0,0.997,0.263,0.134,0.38,0.999875,0.99425,0.011,-0.138,0.149,0.560125,0.162625,0.997,0.86525,0.152625,0.0,0.99425,0.8565,0.2645,0.0005,0.162625,0.00875,0.000625,0.0,Moderate,Negligible,Moderate,Negligible,Negligible,Negligible,True,True,False,up,up,none,False,False,False
B_CELLS_NAIVE||Naive_B_Cell_Identity_Signature,B CELLS NAIVE,0.243,0.138,0.334,0.99975,0.993875,0.256,0.133,0.379,0.9995,0.990625,0.014,-0.139,0.155,0.576625,0.16975,0.993875,0.818875,0.112625,0.0,0.990625,0.835625,0.22325,0.00025,0.16975,0.013375,0.000375,0.0,Moderate,Negligible,Moderate,Negligible,Negligible,Negligible,True,True,False,up,up,none,False,False,False
B_CELLS_NAIVE||Notch_Signaling_Signature,B CELLS NAIVE,0.255,0.163,0.357,1.0,0.998,0.256,0.128,0.374,0.999625,0.989125,0.001,-0.147,0.141,0.512,0.155375,0.998,0.87975,0.169875,0.0,0.989125,0.8325,0.229875,0.00025,0.155375,0.010125,0.000375,0.0,Moderate,Negligible,Moderate,Negligible,Negligible,Negligible,True,True,False,up,up,none,False,False,False
B_CELLS_NAIVE||OXPHOS_Metabolism_Signature,B CELLS NAIVE,0.259,0.159,0.356,1.0,0.999125,0.262,0.144,0.385,0.99975,0.994125,0.003,-0.146,0.142,0.521125,0.168125,0.999125,0.891,0.195875,0.000125,0.994125,0.8585,0.256125,0.000875,0.168125,0.008125,0.00025,0.0,Moderate,Negligible,Moderate,Negligible,Negligible,Negligible,True,True,False,up,up,none,False,False,False
B_CELLS_NAIVE||Oxidative_Stress_Response_Signature,B CELLS NAIVE,0.255,0.158,0.351,1.0,0.998875,0.263,0.149,0.389,0.99975,0.992875,0.007,-0.142,0.145,0.54525,0.161125,0.998875,0.88125,0.168125,0.0,0.992875,0.856875,0.255875,0.00025,0.161125,0.008625,0.0,0.0,Moderate,Negligible,Moderate,Negligible,Negligible,Negligible,True,True,False,up,up,none,False,False,False
B_CELLS_NAIVE||TGF_Beta_Signaling_Signature,B CELLS NAIVE,0.25,0.151,0.344,1.0,0.996875,0.257,0.128,0.374,0.9995,0.989375,0.007,-0.138,0.153,0.546,0.161,0.996875,0.854,0.140625,0.0,0.989375,0.834875,0.227,0.000625,0.161,0.009,0.000625,0.0,Moderate,Negligible,Moderate,Negligible,Negligible,Negligible,True,True,False,up,up,none,False,False,False
B_CELLS_NAIVE||Type_I_Interferon_Response_Signature,B CELLS NAIVE,0.238,0.128,0.334,0.99925,0.987625,0.245,0.115,0.368,0.997875,0.9795,0.008,-0.149,0.151,0.547625,0.18275,0.987625,0.78975,0.100125,0.0,0.9795,0.781,0.181125,0.000125,0.18275,0.0145,0.001125,0.0,Weak,Negligible,Weak,Negligible,Negligible,Negligible,True,True,False,up,up,none,False,False,False
B_CELLS_NAIVE||mTOR_Signaling_Signature,B CELLS NAIVE,0.257,0.159,0.35,1.0,0.999,0.258,0.134,0.38,0.999875,0.99125,0.001,-0.138,0.148,0.50525,0.155625,0.999,0.88775,0.18175,0.0,0.99125,0.840375,0.23575,0.000875,0.155625,0.0095,0.0005,0.0,Moderate,Negligible,Moderate,Negligible,Negligible,Negligible,True,True,False,up,up,none,False,False,False
B_CELLS_NAIVE||p53_Pathway_Signature,B CELLS NAIVE,0.253,0.159,0.352,0.999875,0.998125,0.26,0.139,0.385,0.999,0.992,0.007,-0.132,0.156,0.5425,0.156625,0.998125,0.8675,0.16075,0.0,0.992,0.851875,0.245625,0.000125,0.156625,0.0095,0.00025,0.0,Moderate,Negligible,Moderate,Negligible,Negligible,Negligible,True,True,False,up,up,none,False,False,False
B_CELLS||Cytokine_Network_Signature,B CELLS,0.093,-0.04,0.21,0.92875,0.4745,0.116,-0.045,0.276,0.92925,0.58225,0.023,-0.175,0.199,0.590625,0.28625,0.4745,0.039125,0.001,0.0,0.58225,0.136375,0.016375,0.000125,0.28625,0.04075,0.003625,0.0,Negligible,Negligible,Negligible,Negligible,Negligible,Negligible,False,False,False,none,none,none,False,False,False
B_CELLS||Fibrosis_Interaction_Signature,B CELLS,0.108,-0.015,0.229,0.961625,0.54875,0.102,-0.072,0.252,0.896375,0.530625,-0.006,-0.192,0.174,0.476,0.272875,0.54875,0.0655,0.002375,0.0,0.530625,0.105,0.0085,0.0,0.272875,0.036875,0.002875,0.000125,Negligible,Negligible,Negligible,Negligible,Negligible,Negligible,False,False,False,none,none,none,False,False,False
B_CELLS||Immunoglobulin_Production_Signature,B CELLS,0.094,-0.031,0.214,0.929375,0.47825,0.106,-0.049,0.264,0.911375,0.550875,0.013,-0.173,0.192,0.55375,0.272125,0.47825,0.035625,0.000875,0.0,0.550875,0.10875,0.008375,0.0,0.272125,0.034,0.003,0.0,Negligible,Negligible,Negligible,Negligible,Negligible,Negligible,False,False,False,none,none,none,False,False,False
B_CELLS||Immunosenescence_Signature,B CELLS,0.099,-0.029,0.217,0.946625,0.50325,0.118,-0.038,0.288,0.936,0.58625,0.019,-0.158,0.211,0.577875,0.276625,0.50325,0.045,0.001625,0.0,0.58625,0.143375,0.01575,0.000125,0.276625,0.04125,0.00325,0.0,Negligible,Negligible,Negligible,Negligible,Negligible,Negligible,False,False,False,none,none,none,False,False,False
B_CELLS||Immunosuppression_Signature,B CELLS,0.111,-0.007,0.239,0.96725,0.5765,0.112,-0.051,0.268,0.9245,0.572875,0.001,-0.178,0.184,0.507625,0.27775,0.5765,0.073125,0.00425,0.0,0.572875,0.131625,0.014125,0.000125,0.27775,0.034125,0.00325,0.0,Negligible,Negligible,Negligible,Negligible,Negligible,Negligible,False,False,False,none,none,none,False,False,False
B_CELLS||Inflammatory_Response_Signature,B CELLS,0.098,-0.022,0.224,0.941875,0.50175,0.113,-0.045,0.267,0.927375,0.576125,0.015,-0.178,0.189,0.56175,0.28025,0.50175,0.0445,0.00075,0.0,0.576125,0.1315,0.012625,0.000125,0.28025,0.03625,0.0035,0.0,Negligible,Negligible,Negligible,Negligible,Negligible,Negligible,False,False,False,none,none,none,False,False,False
B_CELLS||Mitochondrial_Function_Signature,B CELLS,0.129,0.004,0.264,0.982875,0.659625,0.101,-0.065,0.253,0.896125,0.537,-0.028,-0.213,0.159,0.3955,0.301625,0.659625,0.1315,0.011875,0.0,0.537,0.09925,0.00725,0.0,0.301625,0.04925,0.005375,0.0,Negligible,Negligible,Negligible,Negligible,Negligible,Negligible,True,False,False,up,none,none,False,False,False
CD4+ T CELLS||ECM_Remodeling_Signature,CD4+ T CELLS,-0.03,-0.215,0.16,0.38,0.318125,-0.06,-0.311,0.176,0.32125,0.469375,-0.03,-0.284,0.248,0.4145,0.46875,0.318125,0.04525,0.003375,0.0,0.469375,0.152375,0.03075,0.000375,0.46875,0.151875,0.031,0.00025,Negligible,Negligible,Negligible,Negligible,Negligible,Negligible,False,False,False,none,none,none,False,False,False
CD4_TFH||Costimulation_Signature,CD4 TFH,0.061,-0.113,0.227,0.764875,0.348375,0.015,-0.21,0.247,0.556625,0.373375,-0.046,-0.306,0.189,0.3595,0.4505,0.348375,0.06025,0.00275,0.0,0.373375,0.08325,0.012,0.000125,0.4505,0.13725,0.026625,0.0005,Negligible,Negligible,Negligible,Negligible,Negligible,Negligible,False,False,False,none,none,none,False,False,False
CD4_TFH||Microbiome_Response_Signature,CD4 TFH,0.053,-0.121,0.217,0.731875,0.32475,0.015,-0.197,0.247,0.549875,0.374,-0.037,-0.286,0.205,0.38525,0.4355,0.32475,0.045125,0.003125,0.0,0.374,0.078125,0.010125,0.000125,0.4355,0.1225,0.021125,0.0,Negligible,Negligible,Negligible,Negligible,Negligible,Negligible,False,False,False,none,none,none,False,False,False
CD4_T_NAIVE||Activation_Signature,CD4 T NAIVE,0.007,-0.07,0.085,0.565,0.014875,0.008,-0.091,0.111,0.571,0.054875,0.002,-0.113,0.123,0.51275,0.0955,0.014875,0.0,0.0,0.0,0.054875,0.000875,0.0,0.0,0.0955,0.002,0.0,0.0,Negligible,Negligible,Negligible,Negligible,Negligible,Negligible,False,False,False,none,none,none,False,False,False
CD4_T_NAIVE||Adipokine_Signaling_Signature,CD4 T NAIVE,0.006,-0.073,0.083,0.555875,0.01575,0.011,-0.088,0.111,0.58925,0.056625,0.005,-0.115,0.124,0.53275,0.100125,0.01575,0.0,0.0,0.0,0.056625,0.0015,0.000125,0.0,0.100125,0.002125,0.000125,0.0,Negligible,Negligible,Negligible,Negligible,Negligible,Negligible,False,False,False,none,none,none,False,False,False
CD4_T_NAIVE||Anergy_Signature,CD4 T NAIVE,0.004,-0.072,0.083,0.53025,0.015,0.011,-0.089,0.112,0.581375,0.055375,0.007,-0.111,0.123,0.54525,0.09525,0.015,0.0,0.0,0.0,0.055375,0.001,0.0,0.0,0.09525,0.00225,0.0,0.0,Negligible,Negligible,Negligible,Negligible,Negligible,Negligible,False,False,False,none,none,none,False,False,False
CD4_T_NAIVE||Apoptosis_Regulation_Signature,CD4 T NAIVE,0.006,-0.071,0.088,0.552375,0.018,0.008,-0.093,0.108,0.563125,0.053625,0.003,-0.113,0.124,0.517625,0.09875,0.018,0.000125,0.0,0.0,0.053625,0.001,0.0,0.0,0.09875,0.00275,0.0,0.0,Negligible,Negligible,Negligible,Negligible,Negligible,Negligible,False,False,False,none,none,none,False,False,False
CD4_T_NAIVE||Autophagy_Regulation_Signature,CD4 T NAIVE,0.006,-0.072,0.085,0.555375,0.014625,0.01,-0.09,0.113,0.580375,0.058125,0.005,-0.115,0.123,0.5305,0.097,0.014625,0.000125,0.0,0.0,0.058125,0.001625,0.0,0.0,0.097,0.00225,0.0,0.0,Negligible,Negligible,Negligible,Negligible,Negligible,Negligible,False,False,False,none,none,none,False,False,False
CD4_T_NAIVE||CD4_Naive_Identity_Signature,CD4 T NAIVE,0.002,-0.08,0.079,0.5155,0.015125,0.015,-0.087,0.114,0.609,0.062875,0.013,-0.105,0.136,0.5875,0.10625,0.015125,0.0,0.0,0.0,0.062875,0.00125,0.0,0.0,0.10625,0.003,0.00025,0.0,Negligible,Negligible,Negligible,Negligible,Negligible,Negligible,False,False,False,none,none,none,False,False,False
CD4_T_NAIVE||Cell_Proliferation_Signature,CD4 T NAIVE,0.005,-0.072,0.086,0.550875,0.01575,0.007,-0.089,0.111,0.553875,0.05225,0.001,-0.121,0.115,0.508875,0.096875,0.01575,0.000125,0.0,0.0,0.05225,0.000875,0.0,0.0,0.096875,0.002125,0.0,0.0,Negligible,Negligible,Negligible,Negligible,Negligible,Negligible,False,False,False,none,none,none,False,False,False
CD4_T_NAIVE||Complement_Activation_Signature,CD4 T NAIVE,0.006,-0.07,0.085,0.554375,0.015,0.008,-0.091,0.108,0.56475,0.051875,0.002,-0.117,0.12,0.5135,0.096,0.015,0.000125,0.0,0.0,0.051875,0.000875,0.0,0.0,0.096,0.001875,0.0,0.0,Negligible,Negligible,Negligible,Negligible,Negligible,Negligible,False,False,False,none,none,none,False,False,False
CD4_T_NAIVE||DNA_Repair_Signature,CD4 T NAIVE,0.008,-0.068,0.09,0.573875,0.015125,0.007,-0.098,0.105,0.5545,0.05525,-0.001,-0.12,0.117,0.50175,0.091375,0.015125,0.0,0.0,0.0,0.05525,0.00075,0.0,0.0,0.091375,0.002,0.0,0.0,Negligible,Negligible,Negligible,Negligible,Negligible,Negligible,False,False,False,none,none,none,False,False,False
CD4_T_NAIVE||Differentiation_Signature,CD4 T NAIVE,0.003,-0.076,0.079,0.535375,0.014125,0.01,-0.094,0.106,0.577375,0.053,0.006,-0.116,0.119,0.54325,0.099375,0.014125,0.000125,0.0,0.0,0.053,0.000625,0.0,0.0,0.099375,0.002625,0.0,0.0,Negligible,Negligible,Negligible,Negligible,Negligible,Negligible,False,False,False,none,none,none,False,False,False
CD4_T_NAIVE||ER_Stress_Response_Signature,CD4 T NAIVE,0.003,-0.076,0.081,0.53275,0.0145,0.008,-0.089,0.111,0.568875,0.052875,0.005,-0.113,0.125,0.535875,0.102,0.0145,0.000125,0.0,0.0,0.052875,0.00125,0.0,0.0,0.102,0.002625,0.0,0.0,Negligible,Negligible,Negligible,Negligible,Negligible,Negligible,False,False,False,none,none,none,False,False,False
CD4_T_NAIVE||Fatty_Acid_Oxidation_Signature,CD4 T NAIVE,0.003,-0.074,0.084,0.531125,0.01675,0.013,-0.091,0.112,0.597625,0.058375,0.01,-0.109,0.128,0.566875,0.097875,0.01675,0.0,0.0,0.0,0.058375,0.001875,0.0,0.0,0.097875,0.00325,0.000125,0.0,Negligible,Negligible,Negligible,Negligible,Negligible,Negligible,False,False,False,none,none,none,False,False,False
CD4_T_NAIVE||Glycolysis_Signature,CD4 T NAIVE,0.006,-0.074,0.083,0.5545,0.017875,0.01,-0.087,0.112,0.579875,0.054125,0.004,-0.112,0.123,0.52625,0.0935,0.017875,0.0,0.0,0.0,0.054125,0.000625,0.0,0.0,0.0935,0.002875,0.000125,0.0,Negligible,Negligible,Negligible,Negligible,Negligible,Negligible,False,False,False,none,none,none,False,False,False
CD4_T_NAIVE||Hedgehog_Signaling_Signature,CD4 T NAIVE,0.003,-0.076,0.081,0.528375,0.016625,0.011,-0.089,0.109,0.582125,0.0535,0.008,-0.109,0.126,0.552375,0.09375,0.016625,0.00025,0.0,0.0,0.0535,0.001,0.0,0.0,0.09375,0.00275,0.00025,0.0,Negligible,Negligible,Negligible,Negligible,Negligible,Negligible,False,False,False,none,none,none,False,False,False
CD4_T_NAIVE||Hypoxia_Response_Signature,CD4 T NAIVE,0.003,-0.075,0.083,0.536875,0.013875,0.007,-0.093,0.107,0.559,0.050625,0.004,-0.12,0.115,0.51975,0.09725,0.013875,0.000125,0.0,0.0,0.050625,0.001125,0.0,0.0,0.09725,0.001625,0.0,0.0,Negligible,Negligible,Negligible,Negligible,Negligible,Negligible,False,False,False,none,none,none,False,False,False
CD4_T_NAIVE||JAK_STAT_Signaling_Signature,CD4 T NAIVE,0.002,-0.075,0.08,0.523875,0.016125,0.008,-0.09,0.11,0.569,0.052375,0.006,-0.11,0.131,0.5355,0.095625,0.016125,0.0,0.0,0.0,0.052375,0.000875,0.0,0.0,0.095625,0.00225,0.000125,0.0,Negligible,Negligible,Negligible,Negligible,Negligible,Negligible,False,False,False,none,none,none,False,False,False
CD4_T_NAIVE||Lipid_Metabolism_Signature,CD4 T NAIVE,0.009,-0.069,0.087,0.5795,0.01775,0.008,-0.092,0.107,0.565125,0.054125,-0.001,-0.115,0.123,0.497125,0.0935,0.01775,0.0,0.0,0.0,0.054125,0.000625,0.0,0.0,0.0935,0.002375,0.0,0.0,Negligible,Negligible,Negligible,Negligible,Negligible,Negligible,False,False,False,none,none,none,False,False,False
CD4_T_NAIVE||MAPK_Signaling_Signature,CD4 T NAIVE,0.007,-0.071,0.086,0.560375,0.0185,0.009,-0.09,0.109,0.574875,0.054125,0.002,-0.116,0.118,0.51725,0.094625,0.0185,0.000125,0.0,0.0,0.054125,0.00075,0.0,0.0,0.094625,0.00175,0.0,0.0,Negligible,Negligible,Negligible,Negligible,Negligible,Negligible,False,False,False,none,none,none,False,False,False
CD4_T_NAIVE||Migration_Signature,CD4 T NAIVE,0.001,-0.078,0.08,0.506,0.0135,0.006,-0.1,0.106,0.55225,0.059,0.005,-0.113,0.128,0.535,0.102875,0.0135,0.0,0.0,0.0,0.059,0.0005,0.0,0.0,0.102875,0.002375,0.0,0.0,Negligible,Negligible,Negligible,Negligible,Negligible,Negligible,False,False,False,none,none,none,False,False,False
CD4_T_NAIVE||NF_kB_Signaling_Signature,CD4 T NAIVE,0.006,-0.071,0.084,0.555625,0.0165,0.008,-0.093,0.108,0.56625,0.054,0.002,-0.12,0.117,0.5115,0.093375,0.0165,0.0,0.0,0.0,0.054,0.001,0.0,0.0,0.093375,0.001875,0.000125,0.0,Negligible,Negligible,Negligible,Negligible,Negligible,Negligible,False,False,False,none,none,none,False,False,False
CD4_T_NAIVE||Notch_Signaling_Signature,CD4 T NAIVE,0.004,-0.07,0.085,0.542,0.0135,0.01,-0.092,0.111,0.57925,0.05675,0.006,-0.111,0.125,0.540375,0.0975,0.0135,0.0,0.0,0.0,0.05675,0.000875,0.0,0.0,0.0975,0.002625,0.000125,0.0,Negligible,Negligible,Negligible,Negligible,Negligible,Negligible,False,False,False,none,none,none,False,False,False
CD4_T_NAIVE||OXPHOS_Metabolism_Signature,CD4 T NAIVE,0.004,-0.076,0.082,0.5385,0.015125,0.008,-0.092,0.11,0.5605,0.056875,0.003,-0.111,0.126,0.521,0.098375,0.015125,0.0,0.0,0.0,0.056875,0.00075,0.0,0.0,0.098375,0.001625,0.0,0.0,Negligible,Negligible,Negligible,Negligible,Negligible,Negligible,False,False,False,none,none,none,False,False,False
CD4_T_NAIVE||Oxidative_Stress_Response_Signature,CD4 T NAIVE,0.004,-0.072,0.081,0.53725,0.01275,0.004,-0.096,0.107,0.532875,0.054,-0.0,-0.117,0.12,0.499875,0.09675,0.01275,0.0,0.0,0.0,0.054,0.0005,0.0,0.0,0.09675,0.00275,0.0,0.0,Negligible,Negligible,Negligible,Negligible,Negligible,Negligible,False,False,False,none,none,none,False,False,False
CD4_T_NAIVE||PI3K_AKT_Signaling_Signature,CD4 T NAIVE,0.002,-0.073,0.084,0.515625,0.0155,0.007,-0.094,0.105,0.5625,0.05125,0.006,-0.114,0.122,0.539,0.097375,0.0155,0.0,0.0,0.0,0.05125,0.000625,0.0,0.0,0.097375,0.002375,0.0,0.0,Negligible,Negligible,Negligible,Negligible,Negligible,Negligible,False,False,False,none,none,none,False,False,False
CD4_T_NAIVE||Quiescence_Signature,CD4 T NAIVE,0.003,-0.076,0.081,0.529125,0.015625,0.013,-0.091,0.111,0.599875,0.059375,0.011,-0.102,0.14,0.56375,0.1055,0.015625,0.0,0.0,0.0,0.059375,0.00225,0.000125,0.0,0.1055,0.003125,0.000125,0.0,Negligible,Negligible,Negligible,Negligible,Negligible,Negligible,False,False,False,none,none,none,False,False,False
CD4_T_NAIVE||Senescence_Signature,CD4 T NAIVE,0.005,-0.076,0.08,0.543875,0.01425,0.007,-0.096,0.105,0.564125,0.052625,0.002,-0.119,0.118,0.52425,0.096875,0.01425,0.0,0.0,0.0,0.052625,0.00075,0.0,0.0,0.096875,0.002875,0.0,0.0,Negligible,Negligible,Negligible,Negligible,Negligible,Negligible,False,False,False,none,none,none,False,False,False
CD4_T_NAIVE||TCR_Signaling_Signature,CD4 T NAIVE,0.007,-0.069,0.088,0.573,0.017875,0.008,-0.093,0.108,0.558125,0.05325,0.0,-0.117,0.12,0.503625,0.097,0.017875,0.000125,0.0,0.0,0.05325,0.0005,0.0,0.0,0.097,0.0025,0.000125,0.0,Negligible,Negligible,Negligible,Negligible,Negligible,Negligible,False,False,False,none,none,none,False,False,False
CD4_T_NAIVE||TGF_Beta_Signaling_Signature,CD4 T NAIVE,0.006,-0.07,0.089,0.555375,0.01475,0.01,-0.093,0.111,0.580875,0.059375,0.005,-0.12,0.12,0.53125,0.10075,0.01475,0.0,0.0,0.0,0.059375,0.000625,0.0,0.0,0.10075,0.00275,0.0,0.0,Negligible,Negligible,Negligible,Negligible,Negligible,Negligible,False,False,False,none,none,none,False,False,False
CD4_T_NAIVE||Type_I_Interferon_Response_Signature,CD4 T NAIVE,0.003,-0.074,0.083,0.53475,0.014125,0.007,-0.1,0.103,0.556625,0.0535,0.004,-0.118,0.116,0.52925,0.09575,0.014125,0.0,0.0,0.0,0.0535,0.00125,0.0,0.0,0.09575,0.00275,0.0,0.0,Negligible,Negligible,Negligible,Negligible,Negligible,Negligible,False,False,False,none,none,none,False,False,False
CD4_T_NAIVE||Wnt_Signaling_Signature,CD4 T NAIVE,0.005,-0.074,0.082,0.547875,0.013625,0.014,-0.09,0.109,0.603625,0.056125,0.009,-0.109,0.128,0.5535,0.0985,0.013625,0.0,0.0,0.0,0.056125,0.001,0.0,0.0,0.0985,0.002375,0.0,0.0,Negligible,Negligible,Negligible,Negligible,Negligible,Negligible,False,False,False,none,none,none,False,False,False
CD4_T_NAIVE||mTOR_Signaling_Signature,CD4 T NAIVE,0.001,-0.075,0.082,0.503875,0.01475,0.013,-0.092,0.107,0.5955,0.056125,0.013,-0.102,0.135,0.578875,0.1035,0.01475,0.0,0.0,0.0,0.056125,0.00175,0.0,0.0,0.1035,0.002875,0.0,0.0,Negligible,Negligible,Negligible,Negligible,Negligible,Negligible,False,False,False,none,none,none,False,False,False
CD4_T_NAIVE||p53_Pathway_Signature,CD4 T NAIVE,0.005,-0.071,0.085,0.550375,0.015625,0.008,-0.09,0.112,0.564375,0.053125,0.002,-0.112,0.124,0.51675,0.0945,0.015625,0.0,0.0,0.0,0.053125,0.00025,0.0,0.0,0.0945,0.001875,0.000125,0.0,Negligible,Negligible,Negligible,Negligible,Negligible,Negligible,False,False,False,none,none,none,False,False,False
CD4_T_REGULATORY||Adipokine_Signaling_Signature,CD4 T REGULATORY,0.226,0.102,0.339,0.999125,0.978,0.049,-0.089,0.187,0.76525,0.229875,-0.177,-0.342,-0.009,0.020625,0.828375,0.978,0.690375,0.096125,0.0,0.229875,0.020625,0.00075,0.0,0.828375,0.39225,0.071875,0.000125,Weak,Negligible,Negligible,Negligible,Negligible,Negligible,True,False,True,up,none,down,False,False,False
CD4_T_REGULATORY||Complement_Activation_Signature,CD4 T REGULATORY,0.236,0.121,0.355,0.99975,0.9875,0.032,-0.107,0.172,0.70025,0.19475,-0.203,-0.374,-0.04,0.00875,0.896625,0.9875,0.73775,0.129875,0.00025,0.19475,0.01075,0.000625,0.0,0.896625,0.506375,0.12175,0.000875,Weak,Negligible,Negligible,Negligible,Negligible,Negligible,True,False,True,up,none,down,False,False,False
CD4_T_REGULATORY||Fatty_Acid_Oxidation_Signature,CD4 T REGULATORY,0.252,0.133,0.381,0.999875,0.995375,0.052,-0.091,0.19,0.789625,0.234875,-0.2,-0.365,-0.027,0.011125,0.886375,0.995375,0.807625,0.197125,0.0005,0.234875,0.0265,0.001,0.0,0.886375,0.48925,0.1175,0.000375,Moderate,Negligible,Negligible,Negligible,Negligible,Negligible,True,False,True,up,none,down,False,False,False
CD4_T_REGULATORY||Hedgehog_Signaling_Signature,CD4 T REGULATORY,0.218,0.096,0.333,0.99875,0.969,0.051,-0.09,0.186,0.779375,0.236125,-0.168,-0.334,0.0,0.02925,0.796,0.969,0.64175,0.070375,0.0,0.236125,0.022125,0.002,0.0,0.796,0.353125,0.054125,0.0,Weak,Negligible,Negligible,Negligible,Negligible,Negligible,True,False,False,up,none,none,False,False,False
CD4_T_REGULATORY||JAK_STAT_Signaling_Signature,CD4 T REGULATORY,0.239,0.114,0.35,1.0,0.990125,0.045,-0.088,0.182,0.758,0.216875,-0.194,-0.367,-0.033,0.011,0.879375,0.990125,0.75775,0.14025,0.000375,0.216875,0.016,0.0015,0.0,0.879375,0.466875,0.097625,0.000375,Weak,Negligible,Negligible,Negligible,Negligible,Negligible,True,False,True,up,none,down,False,False,False
CD4_T_REGULATORY||Lipid_Metabolism_Signature,CD4 T REGULATORY,0.254,0.139,0.384,1.0,0.996125,0.045,-0.091,0.179,0.756625,0.223125,-0.209,-0.381,-0.049,0.0075,0.910375,0.996125,0.818,0.20575,0.000875,0.223125,0.015125,0.00075,0.0,0.910375,0.536125,0.1355,0.0015,Moderate,Negligible,Negligible,Negligible,Negligible,Negligible,True,False,True,up,none,down,False,False,False
CD4_T_REGULATORY||Lipid_Peroxidation_Signaling_Signature,CD4 T REGULATORY,0.221,0.1,0.335,0.998375,0.97325,0.047,-0.087,0.186,0.760375,0.224875,-0.174,-0.334,-0.004,0.023875,0.820625,0.97325,0.6605,0.078625,0.0,0.224875,0.019375,0.000625,0.0,0.820625,0.3815,0.06325,0.0,Weak,Negligible,Negligible,Negligible,Negligible,Negligible,True,False,True,up,none,down,False,False,False
CD4_T_REGULATORY||Metabolic_Regulation_Signature,CD4 T REGULATORY,0.249,0.129,0.369,0.999875,0.995125,0.053,-0.087,0.187,0.788375,0.24625,-0.195,-0.36,-0.024,0.01125,0.87375,0.995125,0.7945,0.182875,0.0005,0.24625,0.0245,0.001875,0.0,0.87375,0.476625,0.105875,0.00075,Weak,Negligible,Negligible,Negligible,Negligible,Negligible,True,False,True,up,none,down,False,False,False
CD4_T_REGULATORY||Mitochondrial_Function_Signature,CD4 T REGULATORY,0.249,0.132,0.368,1.0,0.99575,0.047,-0.084,0.185,0.767375,0.2245,-0.202,-0.357,-0.032,0.008625,0.897625,0.99575,0.800625,0.181875,0.00075,0.2245,0.01725,0.000875,0.0,0.897625,0.50375,0.115875,0.00075,Moderate,Negligible,Negligible,Negligible,Negligible,Negligible,True,False,True,up,none,down,False,False,False
CD4_T_REGULATORY||TGF_Beta_Signaling_Signature,CD4 T REGULATORY,0.221,0.098,0.331,0.999,0.973875,0.04,-0.102,0.172,0.739,0.211625,-0.181,-0.334,0.001,0.018875,0.84175,0.973875,0.660375,0.080625,0.000125,0.211625,0.01475,0.000125,0.0,0.84175,0.404875,0.073625,0.000375,Weak,Negligible,Negligible,Negligible,Negligible,Negligible,True,False,False,up,none,none,False,False,False
CD4_T_REGULATORY||Treg_Identity_Signature,CD4 T REGULATORY,0.194,0.053,0.32,0.990125,0.91,0.054,-0.091,0.185,0.789375,0.247375,-0.14,-0.313,0.042,0.066875,0.70475,0.91,0.498625,0.035875,0.0,0.247375,0.023375,0.0025,0.0,0.70475,0.256625,0.028875,0.0,Negligible,Negligible,Negligible,Negligible,Negligible,Negligible,True,False,False,up,none,none,False,False,False
CD4_T_REGULATORY||Type_I_Interferon_Response_Signature,CD4 T REGULATORY,0.198,0.061,0.318,0.99325,0.92325,0.023,-0.119,0.171,0.65425,0.19,-0.174,-0.354,0.011,0.031375,0.807125,0.92325,0.524,0.037,0.0,0.19,0.01325,0.001,0.0,0.807125,0.38525,0.07875,0.001125,Negligible,Negligible,Negligible,Negligible,Negligible,Negligible,True,False,False,up,none,none,False,False,False
CD4_T_REGULATORY||mTOR_Signaling_Signature,CD4 T REGULATORY,0.246,0.138,0.378,0.999875,0.993125,0.038,-0.106,0.168,0.7275,0.2015,-0.209,-0.377,-0.045,0.006125,0.9085,0.993125,0.787375,0.1725,0.00025,0.2015,0.01175,0.000375,0.0,0.9085,0.531,0.136625,0.001,Weak,Negligible,Negligible,Negligible,Negligible,Negligible,True,False,True,up,none,down,False,False,False
CD4_T_TH1||Chemokine_Production_Signature,CD4 T TH1,-0.274,-0.399,-0.139,0.0,0.994375,-0.177,-0.346,-0.013,0.020875,0.830375,0.097,-0.098,0.281,0.844125,0.508125,0.994375,0.877625,0.341375,0.000875,0.830375,0.397375,0.068625,0.000375,0.508125,0.142875,0.02,0.00025,Moderate,Negligible,Negligible,Negligible,Negligible,Negligible,True,True,False,down,down,none,False,False,False
CD4_T_TH1||Cytotoxic_Effector_Signature,CD4 T TH1,-0.273,-0.405,-0.15,0.0,0.993875,-0.185,-0.35,-0.007,0.01925,0.850125,0.088,-0.1,0.282,0.823875,0.47775,0.993875,0.875625,0.329,0.000625,0.850125,0.429875,0.086,0.0005,0.47775,0.1145,0.017125,0.0,Moderate,Negligible,Negligible,Negligible,Negligible,Negligible,True,True,False,down,down,none,False,False,False
CD4_T_TH1||Hypoxia_Response_Signature,CD4 T TH1,-0.264,-0.387,-0.13,0.0005,0.991,-0.19,-0.369,-0.025,0.017,0.859125,0.074,-0.112,0.28,0.782625,0.433625,0.991,0.847625,0.28225,0.000875,0.859125,0.446625,0.098375,0.000875,0.433625,0.099875,0.013375,0.0,Moderate,Negligible,Negligible,Negligible,Negligible,Negligible,True,True,False,down,down,none,False,False,False
CD4_T_TH1||IFN_Gamma_Response_Signature,CD4 T TH1,-0.282,-0.413,-0.152,0.0,0.9965,-0.193,-0.36,-0.024,0.012625,0.867375,0.089,-0.097,0.286,0.82425,0.47525,0.9965,0.899625,0.3815,0.002,0.867375,0.465375,0.102,0.001375,0.47525,0.125375,0.017375,0.000125,Moderate,Negligible,Negligible,Negligible,Negligible,Negligible,True,True,False,down,down,none,False,False,False
CD4_T_TH1||PI3K_AKT_Signaling_Signature,CD4 T TH1,-0.271,-0.395,-0.139,0.0,0.994375,-0.194,-0.365,-0.024,0.011625,0.870125,0.078,-0.117,0.266,0.797375,0.446375,0.994375,0.87125,0.323,0.000625,0.870125,0.4625,0.103125,0.001125,0.446375,0.10275,0.011625,0.000125,Moderate,Negligible,Negligible,Negligible,Negligible,Negligible,True,True,False,down,down,none,False,False,False
CD4_T_TH1||Type_I_Interferon_Response_Signature,CD4 T TH1,-0.288,-0.416,-0.155,0.0,0.99775,-0.199,-0.367,-0.03,0.009125,0.88475,0.089,-0.096,0.288,0.830625,0.477375,0.99775,0.917875,0.407625,0.00275,0.88475,0.4915,0.110375,0.001,0.477375,0.121375,0.01675,0.0,Moderate,Negligible,Negligible,Negligible,Negligible,Negligible,True,True,False,down,down,none,False,False,False
CD8_TMEMORY||Angiogenesis_Regulation_Signature,CD8 TMEMORY,0.072,-0.008,0.148,0.96325,0.237125,0.069,-0.039,0.169,0.9065,0.277875,-0.002,-0.124,0.119,0.489375,0.099875,0.237125,0.001125,0.0,0.0,0.277875,0.006125,0.000125,0.0,0.099875,0.001875,0.0,0.0,Negligible,Negligible,Negligible,Negligible,Negligible,Negligible,False,False,False,none,none,none,False,False,False
CD8_TMEMORY||Anti_Apoptotic_Signature,CD8 TMEMORY,0.07,-0.008,0.15,0.960125,0.229,0.072,-0.033,0.172,0.917,0.29075,0.002,-0.121,0.118,0.512,0.095125,0.229,0.000875,0.0,0.0,0.29075,0.008125,0.0,0.0,0.095125,0.002375,0.0,0.0,Negligible,Negligible,Negligible,Negligible,Negligible,Negligible,False,False,False,none,none,none,False,False,False
CD8_TMEMORY||Autophagy_Regulation_Signature,CD8 TMEMORY,0.074,-0.006,0.152,0.970125,0.2555,0.071,-0.033,0.173,0.91675,0.283125,-0.003,-0.122,0.117,0.476875,0.097125,0.2555,0.00275,0.0,0.0,0.283125,0.008875,0.00025,0.0,0.097125,0.00325,0.0,0.0,Negligible,Negligible,Negligible,Negligible,Negligible,Negligible,False,False,False,none,none,none,False,False,False
CD8_TMEMORY||Cellular_Stress_Response_Signature,CD8 TMEMORY,0.07,-0.009,0.148,0.96125,0.22575,0.075,-0.028,0.175,0.9285,0.309,0.005,-0.116,0.123,0.526125,0.09775,0.22575,0.00075,0.0,0.0,0.309,0.009875,0.00025,0.0,0.09775,0.002375,0.0,0.0,Negligible,Negligible,Negligible,Negligible,Negligible,Negligible,False,False,False,none,none,none,False,False,False
CD8_TMEMORY||Central_Memory_Signature,CD8 TMEMORY,0.072,-0.005,0.154,0.96475,0.24125,0.073,-0.03,0.174,0.922,0.30075,0.001,-0.119,0.124,0.506,0.098625,0.24125,0.0015,0.0,0.0,0.30075,0.00825,0.000125,0.0,0.098625,0.00275,0.0,0.0,Negligible,Negligible,Negligible,Negligible,Negligible,Negligible,False,False,False,none,none,none,False,False,False
CD8_TMEMORY||Complement_Activation_Signature,CD8 TMEMORY,0.074,-0.005,0.152,0.96875,0.25225,0.072,-0.038,0.168,0.91725,0.292625,-0.002,-0.121,0.12,0.489125,0.100125,0.25225,0.0015,0.0,0.0,0.292625,0.008375,0.000125,0.0,0.100125,0.0015,0.0,0.0,Negligible,Negligible,Negligible,Negligible,Negligible,Negligible,False,False,False,none,none,none,False,False,False
CD8_TMEMORY||Costimulation_Signature,CD8 TMEMORY,0.073,-0.008,0.15,0.9675,0.240375,0.072,-0.031,0.172,0.917625,0.288875,-0.001,-0.118,0.126,0.4995,0.0985,0.240375,0.0025,0.0,0.0,0.288875,0.00925,0.0,0.0,0.0985,0.00225,0.000125,0.0,Negligible,Negligible,Negligible,Negligible,Negligible,Negligible,False,False,False,none,none,none,False,False,False
CD8_TMEMORY||Cytokine_Response_Signature,CD8 TMEMORY,0.07,-0.015,0.144,0.95825,0.214,0.072,-0.037,0.171,0.918375,0.295,0.003,-0.113,0.127,0.5185,0.0985,0.214,0.000875,0.0,0.0,0.295,0.007625,0.0,0.0,0.0985,0.002875,0.0,0.0,Negligible,Negligible,Negligible,Negligible,Negligible,Negligible,False,False,False,none,none,none,False,False,False
CD8_TMEMORY||Cytolytic_Potential_Signature,CD8 TMEMORY,0.069,-0.009,0.149,0.951375,0.2155,0.073,-0.028,0.177,0.92275,0.29875,0.004,-0.122,0.12,0.526375,0.098,0.2155,0.00025,0.0,0.0,0.29875,0.00625,0.000125,0.0,0.098,0.001875,0.0,0.0,Negligible,Negligible,Negligible,Negligible,Negligible,Negligible,False,False,False,none,none,none,False,False,False
CD8_TMEMORY||ER_Stress_Response_Signature,CD8 TMEMORY,0.07,-0.009,0.149,0.958375,0.223625,0.069,-0.033,0.17,0.905,0.277875,-0.001,-0.118,0.122,0.497375,0.094375,0.223625,0.00125,0.0,0.0,0.277875,0.005875,0.000125,0.0,0.094375,0.00225,0.000375,0.0,Negligible,Negligible,Negligible,Negligible,Negligible,Negligible,False,False,False,none,none,none,False,False,False
CD8_TMEMORY||Effector_Memory_Signature,CD8 TMEMORY,0.068,-0.01,0.15,0.95525,0.20725,0.075,-0.026,0.177,0.92525,0.311375,0.006,-0.11,0.128,0.5385,0.100875,0.20725,0.000625,0.0,0.0,0.311375,0.009875,0.00025,0.0,0.100875,0.001625,0.0,0.0,Negligible,Negligible,Negligible,Negligible,Negligible,Negligible,False,False,False,none,none,none,False,False,False
CD8_TMEMORY||Epigenetic_Memory_Signature,CD8 TMEMORY,0.066,-0.012,0.148,0.94375,0.193,0.078,-0.022,0.185,0.939375,0.331,0.013,-0.103,0.141,0.575625,0.108375,0.193,0.0005,0.0,0.0,0.331,0.015375,0.000625,0.0,0.108375,0.00425,0.000125,0.0,Negligible,Negligible,Negligible,Negligible,Negligible,Negligible,False,False,False,none,none,none,False,False,False
CD8_TMEMORY||Exhaustion_Signature,CD8 TMEMORY,0.074,-0.006,0.154,0.96975,0.2495,0.072,-0.027,0.177,0.915375,0.292625,-0.002,-0.12,0.116,0.491125,0.0945,0.2495,0.002375,0.0,0.0,0.292625,0.007125,0.0,0.0,0.0945,0.002625,0.0,0.0,Negligible,Negligible,Negligible,Negligible,Negligible,Negligible,False,False,False,none,none,none,False,False,False
CD8_TMEMORY||Fatty_Acid_Storage_Signature,CD8 TMEMORY,0.067,-0.012,0.149,0.951625,0.206625,0.076,-0.026,0.175,0.93275,0.317,0.009,-0.109,0.132,0.552375,0.104125,0.206625,0.0005,0.0,0.0,0.317,0.01125,0.000125,0.0,0.104125,0.002125,0.00025,0.0,Negligible,Negligible,Negligible,Negligible,Negligible,Negligible,False,False,False,none,none,none,False,False,False
CD8_TMEMORY||Glucose_Independence_Signature,CD8 TMEMORY,0.07,-0.005,0.151,0.961,0.22175,0.073,-0.031,0.174,0.9225,0.299875,0.003,-0.113,0.127,0.518375,0.095625,0.22175,0.000375,0.0,0.0,0.299875,0.00925,0.0,0.0,0.095625,0.001625,0.0,0.0,Negligible,Negligible,Negligible,Negligible,Negligible,Negligible,False,False,False,none,none,none,False,False,False
CD8_TMEMORY||Hypoxia_Response_Signature,CD8 TMEMORY,0.069,-0.009,0.148,0.956,0.214,0.081,-0.027,0.181,0.940625,0.345875,0.012,-0.109,0.133,0.56975,0.107125,0.214,0.0005,0.0,0.0,0.345875,0.017875,0.000375,0.0,0.107125,0.003375,0.000125,0.0,Negligible,Negligible,Negligible,Negligible,Negligible,Negligible,False,False,False,none,none,none,False,False,False
CD8_TMEMORY||Immunosenescence_Signature,CD8 TMEMORY,0.074,-0.002,0.157,0.968375,0.26275,0.074,-0.027,0.175,0.922625,0.299,-0.001,-0.12,0.118,0.49,0.09675,0.26275,0.001375,0.0,0.0,0.299,0.00975,0.0,0.0,0.09675,0.001875,0.0,0.0,Negligible,Negligible,Negligible,Negligible,Negligible,Negligible,False,False,False,none,none,none,False,False,False
CD8_TMEMORY||Lipid_Metabolism_Signature,CD8 TMEMORY,0.07,-0.008,0.148,0.95875,0.220375,0.074,-0.03,0.172,0.92675,0.306625,0.004,-0.115,0.125,0.5225,0.09975,0.220375,0.001125,0.0,0.0,0.306625,0.009,0.00025,0.0,0.09975,0.002125,0.0,0.0,Negligible,Negligible,Negligible,Negligible,Negligible,Negligible,False,False,False,none,none,none,False,False,False
CD8_TMEMORY||Memory_Longevity_Signature,CD8 TMEMORY,0.073,-0.005,0.152,0.968625,0.24825,0.076,-0.026,0.174,0.931125,0.311625,0.003,-0.117,0.124,0.51775,0.09925,0.24825,0.00125,0.0,0.0,0.311625,0.011,0.000125,0.0,0.09925,0.001625,0.0,0.0,Negligible,Negligible,Negligible,Negligible,Negligible,Negligible,False,False,False,none,none,none,False,False,False
CD8_TMEMORY||Memory_Metabolic_Flexibility_Signature,CD8 TMEMORY,0.073,-0.004,0.153,0.966125,0.240125,0.076,-0.028,0.175,0.937,0.311125,0.003,-0.117,0.122,0.52,0.0955,0.240125,0.00125,0.0,0.0,0.311125,0.01125,0.00025,0.0,0.0955,0.002375,0.0,0.0,Negligible,Negligible,Negligible,Negligible,Negligible,Negligible,False,False,False,none,none,none,False,False,False
CD8_TMEMORY||Metabolic_Shift_Signature,CD8 TMEMORY,0.075,-0.003,0.153,0.971,0.251125,0.076,-0.031,0.179,0.930125,0.31475,0.001,-0.119,0.124,0.504875,0.102875,0.251125,0.002,0.0,0.0,0.31475,0.014125,0.00025,0.0,0.102875,0.0035,0.0,0.0,Negligible,Negligible,Negligible,Negligible,Negligible,Negligible,False,False,False,none,none,none,False,False,False
CD8_TMEMORY||Microbiome_Response_Signature,CD8 TMEMORY,0.069,-0.007,0.151,0.95575,0.216875,0.074,-0.029,0.175,0.9285,0.30825,0.005,-0.12,0.119,0.5275,0.096625,0.216875,0.000375,0.0,0.0,0.30825,0.0095,0.000125,0.0,0.096625,0.002,0.0,0.0,Negligible,Negligible,Negligible,Negligible,Negligible,Negligible,False,False,False,none,none,none,False,False,False
CD8_TMEMORY||Migration_Signature,CD8 TMEMORY,0.069,-0.01,0.148,0.957375,0.22025,0.075,-0.028,0.175,0.928625,0.311125,0.006,-0.111,0.13,0.53325,0.102625,0.22025,0.0005,0.0,0.0,0.311125,0.010625,0.00025,0.0,0.102625,0.00175,0.0,0.0,Negligible,Negligible,Negligible,Negligible,Negligible,Negligible,False,False,False,none,none,none,False,False,False
CD8_TMEMORY||OXPHOS_Metabolism_Signature,CD8 TMEMORY,0.071,-0.009,0.151,0.96075,0.227625,0.076,-0.025,0.177,0.9305,0.314,0.005,-0.113,0.125,0.53325,0.099125,0.227625,0.0015,0.0,0.0,0.314,0.010625,0.000125,0.0,0.099125,0.002,0.0,0.0,Negligible,Negligible,Negligible,Negligible,Negligible,Negligible,False,False,False,none,none,none,False,False,False
CD8_TMEMORY||Oxidative_Stress_Response_Signature,CD8 TMEMORY,0.072,-0.006,0.153,0.9615,0.23575,0.073,-0.034,0.17,0.92225,0.29475,0.001,-0.117,0.127,0.506,0.100125,0.23575,0.00075,0.0,0.0,0.29475,0.009125,0.000125,0.0,0.100125,0.001875,0.0,0.0,Negligible,Negligible,Negligible,Negligible,Negligible,Negligible,False,False,False,none,none,none,False,False,False
CD8_TMEMORY||Rapid_Recall_Signature,CD8 TMEMORY,0.072,-0.01,0.148,0.96525,0.237375,0.07,-0.03,0.172,0.914625,0.284125,-0.002,-0.124,0.116,0.481125,0.099,0.237375,0.002,0.0,0.0,0.284125,0.0065,0.000125,0.0,0.099,0.002375,0.0,0.0,Negligible,Negligible,Negligible,Negligible,Negligible,Negligible,False,False,False,none,none,none,False,False,False
CD8_TMEMORY||Recall_Deficiency_Signature,CD8 TMEMORY,0.072,-0.005,0.155,0.96275,0.2385,0.072,-0.03,0.176,0.917625,0.296875,0.0,-0.117,0.124,0.503625,0.100625,0.2385,0.0015,0.0,0.0,0.296875,0.008125,0.0,0.0,0.100625,0.002125,0.000125,0.0,Negligible,Negligible,Negligible,Negligible,Negligible,Negligible,False,False,False,none,none,none,False,False,False
CD8_TMEMORY||Senescence_Signature,CD8 TMEMORY,0.07,-0.005,0.152,0.960625,0.222125,0.081,-0.028,0.18,0.94275,0.34725,0.011,-0.105,0.138,0.565625,0.108625,0.222125,0.000625,0.0,0.0,0.34725,0.01775,0.000375,0.0,0.108625,0.003875,0.000125,0.0,Negligible,Negligible,Negligible,Negligible,Negligible,Negligible,False,False,False,none,none,none,False,False,False
CD8_TMEMORY||TCR_Signaling_Signature,CD8 TMEMORY,0.074,-0.005,0.152,0.96875,0.252,0.072,-0.029,0.173,0.919125,0.28775,-0.002,-0.124,0.115,0.486625,0.096375,0.252,0.0025,0.0,0.0,0.28775,0.009625,0.000125,0.0,0.096375,0.001875,0.0,0.0,Negligible,Negligible,Negligible,Negligible,Negligible,Negligible,False,False,False,none,none,none,False,False,False
CD8_TMEMORY||Transcriptional_Memory_Signature,CD8 TMEMORY,0.067,-0.01,0.149,0.954125,0.197375,0.078,-0.027,0.179,0.9365,0.323375,0.011,-0.108,0.135,0.569,0.100625,0.197375,0.000625,0.0,0.0,0.323375,0.01475,0.00025,0.0,0.100625,0.002,0.000125,0.0,Negligible,Negligible,Negligible,Negligible,Negligible,Negligible,False,False,False,none,none,none,False,False,False
CD8_TMEMORY||Wound_Healing_Support_Signature,CD8 TMEMORY,0.071,-0.009,0.146,0.96225,0.227875,0.07,-0.035,0.171,0.914375,0.2865,-0.001,-0.123,0.115,0.501875,0.094875,0.227875,0.000625,0.0,0.0,0.2865,0.005625,0.0,0.0,0.094875,0.0025,0.0,0.0,Negligible,Negligible,Negligible,Negligible,Negligible,Negligible,False,False,False,none,none,none,False,False,False
CD8_T_EXHAUSTED||Adipokine_Signaling_Signature,CD8 T EXHAUSTED,0.035,-0.094,0.16,0.724125,0.167875,0.068,-0.087,0.232,0.817,0.350625,0.033,-0.151,0.217,0.643125,0.294125,0.167875,0.00825,0.000125,0.0,0.350625,0.051625,0.00525,0.0,0.294125,0.044125,0.00425,0.0,Negligible,Negligible,Negligible,Negligible,Negligible,Negligible,False,False,False,none,none,none,False,False,False
CD8_T_EXHAUSTED||Chemokine_Production_Signature,CD8 T EXHAUSTED,0.009,-0.134,0.133,0.5945,0.13525,0.055,-0.109,0.211,0.77025,0.31275,0.046,-0.143,0.232,0.69475,0.325,0.13525,0.006125,0.000125,0.0,0.31275,0.03425,0.001625,0.0,0.325,0.056,0.005,0.0,Negligible,Negligible,Negligible,Negligible,Negligible,Negligible,False,False,False,none,none,none,False,False,False
CD8_T_EXHAUSTED||ER_Stress_Response_Signature,CD8 T EXHAUSTED,0.026,-0.1,0.148,0.678125,0.1405,0.059,-0.102,0.209,0.796,0.31425,0.033,-0.146,0.218,0.639625,0.294,0.1405,0.004375,0.0,0.0,0.31425,0.035875,0.002625,0.0,0.294,0.04375,0.00275,0.0,Negligible,Negligible,Negligible,Negligible,Negligible,Negligible,False,False,False,none,none,none,False,False,False
CD8_T_EXHAUSTED||Fatty_Acid_Oxidation_Signature,CD8 T EXHAUSTED,0.069,-0.054,0.223,0.850625,0.29725,0.071,-0.091,0.226,0.821,0.35875,0.002,-0.184,0.189,0.5195,0.290125,0.29725,0.0455,0.00325,0.0,0.35875,0.05125,0.00625,0.0,0.290125,0.03825,0.00375,0.0,Negligible,Negligible,Negligible,Negligible,Negligible,Negligible,False,False,False,none,none,none,False,False,False
CD8_T_EXHAUSTED||Hedgehog_Signaling_Signature,CD8 T EXHAUSTED,0.028,-0.096,0.147,0.687125,0.137375,0.071,-0.078,0.236,0.825,0.354625,0.043,-0.138,0.228,0.678,0.31075,0.137375,0.0035,0.0,0.0,0.354625,0.05525,0.006875,0.000125,0.31075,0.05125,0.007,0.0,Negligible,Negligible,Negligible,Negligible,Negligible,Negligible,False,False,False,none,none,none,False,False,False
CD8_T_EXHAUSTED||Lipid_Metabolism_Signature,CD8 T EXHAUSTED,0.069,-0.066,0.205,0.85525,0.295625,0.066,-0.09,0.222,0.814875,0.335875,-0.003,-0.188,0.191,0.4955,0.274,0.295625,0.040625,0.001875,0.0,0.335875,0.048625,0.00325,0.0,0.274,0.040875,0.003375,0.0,Negligible,Negligible,Negligible,Negligible,Negligible,Negligible,False,False,False,none,none,none,False,False,False
CD8_T_EXHAUSTED||Transcriptional_Exhaustion_Signature,CD8 T EXHAUSTED,0.036,-0.089,0.156,0.732625,0.154125,0.086,-0.069,0.257,0.86475,0.4165,0.05,-0.132,0.241,0.7045,0.3255,0.154125,0.00725,0.0,0.0,0.4165,0.086875,0.01325,0.00025,0.3255,0.064,0.009,0.000125,Negligible,Negligible,Negligible,Negligible,Negligible,Negligible,False,False,False,none,none,none,False,False,False
CD8_T_EXHAUSTED||Type_I_Interferon_Response_Signature,CD8 T EXHAUSTED,0.012,-0.129,0.131,0.599875,0.126625,0.022,-0.171,0.178,0.63625,0.278875,0.01,-0.205,0.196,0.56275,0.308125,0.126625,0.00625,0.000125,0.0,0.278875,0.02975,0.003625,0.0,0.308125,0.052625,0.0065,0.000125,Negligible,Negligible,Negligible,Negligible,Negligible,Negligible,False,False,False,none,none,none,False,False,False
CD8_T_EXHAUSTED||p53_Pathway_Signature,CD8 T EXHAUSTED,0.038,-0.085,0.16,0.73525,0.16325,0.059,-0.102,0.209,0.78975,0.317625,0.021,-0.153,0.206,0.5995,0.27575,0.16325,0.007,0.00025,0.0,0.317625,0.036125,0.002125,0.0,0.27575,0.035625,0.003125,0.0,Negligible,Negligible,Negligible,Negligible,Negligible,Negligible,False,False,False,none,none,none,False,False,False
CD8_T_GENERAL||Adipokine_Signaling_Signature,CD8 T GENERAL,0.014,-0.101,0.129,0.6015,0.093625,-0.07,-0.211,0.076,0.15825,0.356125,-0.084,-0.252,0.088,0.1515,0.4425,0.093625,0.002,0.0,0.0,0.356125,0.035125,0.002,0.0,0.4425,0.085625,0.006375,0.000125,Negligible,Negligible,Negligible,Negligible,Negligible,Negligible,False,False,False,none,none,none,False,False,False
CD8_T_GENERAL||CD8_Coreceptor_Signaling_Signature,CD8 T GENERAL,0.021,-0.095,0.138,0.645375,0.102125,-0.083,-0.226,0.063,0.1175,0.403125,-0.105,-0.278,0.059,0.1015,0.515625,0.102125,0.00375,0.0,0.0,0.403125,0.057,0.004875,0.0,0.515625,0.126875,0.016125,0.000125,Negligible,Negligible,Negligible,Negligible,Negligible,Negligible,False,False,False,none,none,none,False,False,False
CD8_T_GENERAL||CD8_Effector_Function_Signature,CD8 T GENERAL,-0.001,-0.118,0.116,0.5135,0.085875,-0.073,-0.213,0.072,0.148125,0.364375,-0.073,-0.24,0.1,0.187375,0.398875,0.085875,0.00325,0.0,0.0,0.364375,0.037875,0.002,0.0,0.398875,0.067375,0.00475,0.000125,Negligible,Negligible,Negligible,Negligible,Negligible,Negligible,False,False,False,none,none,none,False,False,False
CD8_T_GENERAL||Cellular_Stress_Response_Signature,CD8 T GENERAL,0.017,-0.098,0.135,0.618875,0.098,-0.084,-0.233,0.056,0.113625,0.408125,-0.101,-0.266,0.068,0.11125,0.5065,0.098,0.003,0.00025,0.0,0.408125,0.0595,0.004875,0.0,0.5065,0.118875,0.016375,0.0,Negligible,Negligible,Negligible,Negligible,Negligible,Negligible,False,False,False,none,none,none,False,False,False
CD8_T_GENERAL||Chronic_Activation_Signature,CD8 T GENERAL,0.019,-0.093,0.137,0.632,0.09875,-0.076,-0.211,0.069,0.135625,0.37325,-0.095,-0.263,0.074,0.12425,0.491125,0.09875,0.0035,0.0005,0.0,0.37325,0.039125,0.001625,0.0,0.491125,0.104125,0.009625,0.0,Negligible,Negligible,Negligible,Negligible,Negligible,Negligible,False,False,False,none,none,none,False,False,False
CD8_T_GENERAL||Glycolysis_Signature,CD8 T GENERAL,0.018,-0.097,0.134,0.6235,0.098625,-0.075,-0.224,0.063,0.14,0.375375,-0.093,-0.262,0.073,0.127625,0.47475,0.098625,0.003625,0.0,0.0,0.375375,0.038,0.002125,0.0,0.47475,0.100875,0.009,0.0,Negligible,Negligible,Negligible,Negligible,Negligible,Negligible,False,False,False,none,none,none,False,False,False
CD8_T_GENERAL||Inflammatory_Response_Signature,CD8 T GENERAL,-0.002,-0.121,0.113,0.508875,0.094625,-0.061,-0.206,0.092,0.195,0.323,-0.059,-0.224,0.125,0.231375,0.35975,0.094625,0.0025,0.000125,0.0,0.323,0.029,0.000875,0.0,0.35975,0.047,0.002375,0.0,Negligible,Negligible,Negligible,Negligible,Negligible,Negligible,False,False,False,none,none,none,False,False,False
CD8_T_GENERAL||Lipid_Metabolism_Signature,CD8 T GENERAL,0.039,-0.078,0.169,0.7295,0.1585,-0.082,-0.233,0.048,0.119,0.3955,-0.12,-0.288,0.056,0.074375,0.58225,0.1585,0.01475,0.001,0.0,0.3955,0.052375,0.002875,0.0,0.58225,0.17525,0.027375,0.000125,Negligible,Negligible,Negligible,Negligible,Negligible,Negligible,False,False,False,none,none,none,False,False,False
CD8_T_GENERAL||Microbiome_Response_Signature,CD8 T GENERAL,-0.001,-0.122,0.115,0.5165,0.09025,-0.081,-0.222,0.063,0.12825,0.393875,-0.08,-0.249,0.095,0.16625,0.427375,0.09025,0.00325,0.000375,0.0,0.393875,0.051875,0.00425,0.0,0.427375,0.077625,0.00675,0.0,Negligible,Negligible,Negligible,Negligible,Negligible,Negligible,False,False,False,none,none,none,False,False,False
CD8_T_GENERAL||Perforin_Granzyme_Pathway_Signature,CD8 T GENERAL,0.013,-0.111,0.12,0.59875,0.0915,-0.083,-0.229,0.057,0.1205,0.402375,-0.096,-0.261,0.071,0.126375,0.485125,0.0915,0.003375,0.0,0.0,0.402375,0.055125,0.003875,0.0,0.485125,0.106,0.01175,0.0,Negligible,Negligible,Negligible,Negligible,Negligible,Negligible,False,False,False,none,none,none,False,False,False
DENDRITIC_CELLS||Adipokine_Signaling_Signature,DENDRITIC CELLS,-0.107,-0.219,0.018,0.04375,0.57125,-0.125,-0.271,0.02,0.04975,0.65575,-0.018,-0.203,0.146,0.41425,0.258,0.57125,0.052125,0.000375,0.0,0.65575,0.14075,0.008625,0.0,0.258,0.02925,0.0015,0.0,Negligible,Negligible,Negligible,Negligible,Negligible,Negligible,False,False,False,none,none,none,False,False,False
DENDRITIC_CELLS||Cell_Proliferation_Signature,DENDRITIC CELLS,-0.082,-0.204,0.054,0.11825,0.44325,-0.163,-0.331,-0.014,0.014,0.798625,-0.081,-0.273,0.098,0.1995,0.414375,0.44325,0.01925,0.0,0.0,0.798625,0.280625,0.054625,0.000625,0.414375,0.112625,0.019375,0.000125,Negligible,Negligible,Negligible,Negligible,Negligible,Negligible,False,True,False,none,down,none,False,False,False
DENDRITIC_CELLS||Chemokine_Production_Signature,DENDRITIC CELLS,-0.132,-0.246,-0.011,0.00975,0.710375,-0.114,-0.268,0.04,0.077375,0.609875,0.019,-0.153,0.203,0.570125,0.257,0.710375,0.117625,0.0085,0.000125,0.609875,0.117625,0.0055,0.0,0.257,0.035125,0.00425,0.000125,Negligible,Negligible,Negligible,Negligible,Negligible,Negligible,True,False,False,down,none,none,False,False,False
DENDRITIC_CELLS||Costimulation_Signature,DENDRITIC CELLS,-0.139,-0.262,-0.018,0.007375,0.742125,-0.108,-0.26,0.062,0.09075,0.59125,0.031,-0.14,0.231,0.607875,0.28825,0.742125,0.143125,0.01175,0.0,0.59125,0.10675,0.005375,0.0,0.28825,0.051625,0.0065,0.000125,Negligible,Negligible,Negligible,Negligible,Negligible,Negligible,True,False,False,down,none,none,False,False,False
DENDRITIC_CELLS||Glycolysis_Signature,DENDRITIC CELLS,-0.105,-0.219,0.022,0.0475,0.565375,-0.153,-0.313,-0.008,0.01775,0.764125,-0.048,-0.231,0.122,0.302,0.31275,0.565375,0.045625,0.000375,0.0,0.764125,0.2455,0.037625,0.00025,0.31275,0.05225,0.006625,0.0,Negligible,Negligible,Negligible,Negligible,Negligible,Negligible,False,True,False,none,down,none,False,False,False
DENDRITIC_CELLS||Hypoxia_Response_Signature,DENDRITIC CELLS,-0.121,-0.239,-0.008,0.0215,0.65425,-0.127,-0.274,0.036,0.054125,0.661125,-0.005,-0.19,0.173,0.467125,0.253125,0.65425,0.087625,0.0035,0.0,0.661125,0.15825,0.013875,0.000125,0.253125,0.0305,0.002375,0.000125,Negligible,Negligible,Negligible,Negligible,Negligible,Negligible,True,False,False,down,none,none,False,False,False
DENDRITIC_CELLS||Lipid_Metabolism_Signature,DENDRITIC CELLS,-0.088,-0.214,0.041,0.09375,0.47,-0.144,-0.293,0.007,0.028375,0.739625,-0.056,-0.232,0.128,0.272,0.340375,0.47,0.024125,0.0,0.0,0.739625,0.20725,0.02375,0.0,0.340375,0.06375,0.0075,0.0,Negligible,Negligible,Negligible,Negligible,Negligible,Negligible,False,False,False,none,none,none,False,False,False
DENDRITIC_CELLS||MHC_I_Antigen_Processing_Signature,DENDRITIC CELLS,-0.112,-0.234,0.002,0.0345,0.60425,-0.153,-0.313,0.001,0.020875,0.76475,-0.041,-0.221,0.14,0.32725,0.29525,0.60425,0.062,0.00125,0.0,0.76475,0.242875,0.0385,0.000875,0.29525,0.0455,0.005875,0.000125,Negligible,Negligible,Negligible,Negligible,Negligible,Negligible,False,False,False,none,none,none,False,False,False
DENDRITIC_CELLS||Maturation_Signature,DENDRITIC CELLS,-0.134,-0.254,-0.018,0.009625,0.727875,-0.115,-0.265,0.048,0.079125,0.62425,0.019,-0.158,0.202,0.56425,0.257375,0.727875,0.122,0.008625,0.0,0.62425,0.12675,0.00625,0.0,0.257375,0.037625,0.0045,0.0,Negligible,Negligible,Negligible,Negligible,Negligible,Negligible,True,False,False,down,none,none,False,False,False
DENDRITIC_CELLS||Phagocytosis_Signature,DENDRITIC CELLS,-0.132,-0.252,-0.014,0.012125,0.71525,-0.139,-0.298,0.016,0.035875,0.707625,-0.007,-0.184,0.177,0.466375,0.261125,0.71525,0.12475,0.00625,0.0,0.707625,0.19325,0.023375,0.000125,0.261125,0.03125,0.00225,0.0,Negligible,Negligible,Negligible,Negligible,Negligible,Negligible,True,False,False,down,none,none,False,False,False
DENDRITIC_CELLS||TLR_Signaling_Signature,DENDRITIC CELLS,-0.127,-0.246,-0.014,0.014375,0.683125,-0.158,-0.324,-0.006,0.01675,0.782,-0.031,-0.21,0.151,0.366375,0.279875,0.683125,0.101875,0.006,0.0,0.782,0.262625,0.04925,0.0005,0.279875,0.04425,0.00425,0.0,Negligible,Negligible,Negligible,Negligible,Negligible,Negligible,True,True,False,down,down,none,False,False,False
DENDRITIC_CELLS||Tolerogenic_Programming_Signature,DENDRITIC CELLS,-0.135,-0.263,-0.025,0.00975,0.724375,-0.121,-0.261,0.04,0.06125,0.64725,0.013,-0.156,0.19,0.54475,0.24875,0.724375,0.12875,0.007,0.0,0.64725,0.13425,0.00725,0.0,0.24875,0.02975,0.002,0.0,Negligible,Negligible,Negligible,Negligible,Negligible,Negligible,True,False,False,down,none,none,False,False,False
DENDRITIC_CELLS||Type_I_Interferon_Response_Signature,DENDRITIC CELLS,-0.136,-0.256,-0.021,0.008875,0.728125,-0.166,-0.33,-0.015,0.012,0.805375,-0.03,-0.218,0.149,0.379375,0.277,0.728125,0.13375,0.00975,0.0,0.805375,0.29725,0.0595,0.001,0.277,0.04475,0.005875,0.0,Negligible,Negligible,Negligible,Negligible,Negligible,Negligible,True,True,False,down,down,none,False,False,False
MAIT_CELLS||Mucosal_Barrier_Function_Signature,MAIT CELLS,-0.005,-0.197,0.175,0.481375,0.296375,0.013,-0.249,0.257,0.54,0.439125,0.018,-0.257,0.281,0.551125,0.48175,0.296375,0.034875,0.001875,0.0,0.439125,0.122125,0.02125,0.000125,0.48175,0.153,0.031,0.00025,Negligible,Negligible,Negligible,Negligible,Negligible,Negligible,False,False,False,none,none,none,False,False,False
MDC||IFNG_Response_Signature,MDC,-0.186,-0.383,0.006,0.029375,0.809125,-0.107,-0.37,0.139,0.20525,0.567125,0.079,-0.174,0.368,0.717625,0.540875,0.809125,0.436,0.12275,0.000625,0.567125,0.2425,0.076375,0.00225,0.540875,0.20725,0.056875,0.000625,Negligible,Negligible,Negligible,Negligible,Negligible,Negligible,False,False,False,none,none,none,False,False,False
MONOCYTE_CLASSICAL||Angiogenesis_Regulation_Signature,MONOCYTE CLASSICAL,-0.063,-0.168,0.047,0.109,0.242625,-0.031,-0.164,0.101,0.31225,0.17375,0.033,-0.12,0.191,0.665125,0.238375,0.242625,0.008875,0.00025,0.0,0.17375,0.01225,0.00025,0.0,0.238375,0.023125,0.001875,0.0,Negligible,Negligible,Negligible,Negligible,Negligible,Negligible,False,False,False,none,none,none,False,False,False
MONOCYTE_CLASSICAL||Anti_Apoptotic_Signature,MONOCYTE CLASSICAL,-0.063,-0.174,0.04,0.11075,0.2365,-0.05,-0.19,0.081,0.228125,0.22775,0.013,-0.147,0.168,0.57725,0.21125,0.2365,0.00825,0.00025,0.0,0.22775,0.023125,0.001125,0.0,0.21125,0.015875,0.00075,0.0,Negligible,Negligible,Negligible,Negligible,Negligible,Negligible,False,False,False,none,none,none,False,False,False
MONOCYTE_CLASSICAL||Chemokine_Production_Signature,MONOCYTE CLASSICAL,-0.081,-0.194,0.031,0.06025,0.334625,-0.042,-0.176,0.09,0.260625,0.202625,0.039,-0.118,0.206,0.6855,0.256,0.334625,0.028,0.001125,0.0,0.202625,0.01625,0.00075,0.0,0.256,0.030625,0.00175,0.0,Negligible,Negligible,Negligible,Negligible,Negligible,Negligible,False,False,False,none,none,none,False,False,False
MONOCYTE_CLASSICAL||Complement_Activation_Signature,MONOCYTE CLASSICAL,-0.048,-0.151,0.074,0.179125,0.179,-0.049,-0.186,0.086,0.23425,0.222375,-0.001,-0.163,0.161,0.5125,0.217625,0.179,0.002625,0.0,0.0,0.222375,0.02125,0.001375,0.0,0.217625,0.019,0.00125,0.0,Negligible,Negligible,Negligible,Negligible,Negligible,Negligible,False,False,False,none,none,none,False,False,False
MONOCYTE_CLASSICAL||Glucose_Uptake_Enhancement_Signature,MONOCYTE CLASSICAL,-0.071,-0.18,0.034,0.08375,0.27625,-0.022,-0.158,0.124,0.3555,0.170625,0.049,-0.113,0.212,0.727,0.28075,0.27625,0.014375,0.00025,0.0,0.170625,0.009625,0.000625,0.0,0.28075,0.04075,0.004125,0.0,Negligible,Negligible,Negligible,Negligible,Negligible,Negligible,False,False,False,none,none,none,False,False,False
MONOCYTE_CLASSICAL||Hyperinflammation_Signature,MONOCYTE CLASSICAL,-0.077,-0.191,0.027,0.070375,0.309,-0.038,-0.169,0.102,0.2835,0.192,0.039,-0.12,0.201,0.689625,0.257125,0.309,0.02075,0.001375,0.0,0.192,0.012,0.001,0.0,0.257125,0.03025,0.00175,0.0,Negligible,Negligible,Negligible,Negligible,Negligible,Negligible,False,False,False,none,none,none,False,False,False
MONOCYTE_CLASSICAL||LPS_TLR4_Metabolic_Switch_Signature,MONOCYTE CLASSICAL,-0.07,-0.176,0.036,0.087375,0.275625,-0.048,-0.187,0.091,0.24225,0.225375,0.023,-0.137,0.188,0.620125,0.226375,0.275625,0.013125,0.000875,0.0,0.225375,0.023875,0.0015,0.0,0.226375,0.022625,0.00075,0.0,Negligible,Negligible,Negligible,Negligible,Negligible,Negligible,False,False,False,none,none,none,False,False,False
MONOCYTE_CLASSICAL||Lipid_Metabolism_Signature,MONOCYTE CLASSICAL,-0.038,-0.148,0.088,0.222125,0.1555,-0.038,-0.178,0.093,0.287625,0.19825,0.001,-0.169,0.163,0.51625,0.224875,0.1555,0.00225,0.0,0.0,0.19825,0.011875,0.000625,0.0,0.224875,0.0215,0.00125,0.0,Negligible,Negligible,Negligible,Negligible,Negligible,Negligible,False,False,False,none,none,none,False,False,False
MONOCYTE_CLASSICAL||Microbiome_Response_Signature,MONOCYTE CLASSICAL,-0.075,-0.184,0.033,0.074375,0.293375,-0.042,-0.174,0.097,0.267125,0.200875,0.033,-0.142,0.184,0.669,0.241375,0.293375,0.020375,0.0005,0.0,0.200875,0.0165,0.00075,0.0,0.241375,0.0265,0.0015,0.0,Negligible,Negligible,Negligible,Negligible,Negligible,Negligible,False,False,False,none,none,none,False,False,False
MONOCYTE_CLASSICAL||Oxidative_Burst_Signature,MONOCYTE CLASSICAL,-0.06,-0.164,0.047,0.12025,0.223375,-0.03,-0.164,0.109,0.319875,0.181875,0.03,-0.136,0.188,0.65025,0.23675,0.223375,0.004625,0.000125,0.0,0.181875,0.00975,0.000375,0.0,0.23675,0.0275,0.00175,0.0,Negligible,Negligible,Negligible,Negligible,Negligible,Negligible,False,False,False,none,none,none,False,False,False
MONOCYTE_CLASSICAL||Phagocytosis_Signature,MONOCYTE CLASSICAL,-0.069,-0.183,0.033,0.09125,0.265875,-0.038,-0.178,0.089,0.27675,0.192875,0.031,-0.117,0.201,0.652875,0.229125,0.265875,0.010875,0.000375,0.0,0.192875,0.012125,0.000625,0.0,0.229125,0.02525,0.002,0.0,Negligible,Negligible,Negligible,Negligible,Negligible,Negligible,False,False,False,none,none,none,False,False,False
MONOCYTE_CLASSICAL||TLR_Signaling_Signature,MONOCYTE CLASSICAL,-0.058,-0.158,0.056,0.129875,0.215875,-0.05,-0.188,0.081,0.232,0.230625,0.009,-0.16,0.161,0.558375,0.21175,0.215875,0.00575,0.0,0.0,0.230625,0.021375,0.00225,0.0,0.21175,0.0185,0.000875,0.0,Negligible,Negligible,Negligible,Negligible,Negligible,Negligible,False,False,False,none,none,none,False,False,False
MONOCYTE_CLASSICAL||Tissue_Homing_Signature,MONOCYTE CLASSICAL,-0.066,-0.176,0.038,0.097125,0.24675,-0.038,-0.178,0.094,0.28075,0.19325,0.028,-0.133,0.187,0.641625,0.229875,0.24675,0.010125,0.000125,0.0,0.19325,0.012875,0.000875,0.0,0.229875,0.02375,0.00125,0.0,Negligible,Negligible,Negligible,Negligible,Negligible,Negligible,False,False,False,none,none,none,False,False,False
MONOCYTE_NON_CLASSICAL||Anti_Apoptotic_Signature,MONOCYTE NON CLASSICAL,0.054,-0.082,0.198,0.79525,0.25375,-0.035,-0.2,0.143,0.32625,0.268875,-0.089,-0.284,0.113,0.175125,0.481375,0.25375,0.024625,0.001,0.0,0.268875,0.032625,0.002,0.0,0.481375,0.130875,0.0205,0.00025,Negligible,Negligible,Negligible,Negligible,Negligible,Negligible,False,False,False,none,none,none,False,False,False
MONOCYTE_NON_CLASSICAL||Complement_Activation_Signature,MONOCYTE NON CLASSICAL,0.073,-0.061,0.215,0.858625,0.3305,-0.036,-0.21,0.136,0.3295,0.27075,-0.109,-0.312,0.087,0.140125,0.552375,0.3305,0.044375,0.00325,0.0,0.27075,0.03825,0.003125,0.0,0.552375,0.1805,0.034125,0.000625,Negligible,Negligible,Negligible,Negligible,Negligible,Negligible,False,False,False,none,none,none,False,False,False
MONOCYTE_NON_CLASSICAL||Cytokine_Production_Signature,MONOCYTE NON CLASSICAL,0.0,-0.163,0.142,0.54875,0.1925,-0.026,-0.194,0.146,0.364375,0.248625,-0.026,-0.225,0.191,0.3835,0.354625,0.1925,0.014375,0.000375,0.0,0.248625,0.03,0.00275,0.0,0.354625,0.062875,0.006125,0.0,Negligible,Negligible,Negligible,Negligible,Negligible,Negligible,False,False,False,none,none,none,False,False,False
MONOCYTE_NON_CLASSICAL||ER_Stress_Response_Signature,MONOCYTE NON CLASSICAL,0.049,-0.084,0.183,0.7785,0.2225,-0.029,-0.202,0.141,0.350875,0.2555,-0.078,-0.282,0.112,0.20575,0.45275,0.2225,0.016,0.00025,0.0,0.2555,0.031125,0.002875,0.0,0.45275,0.108,0.01375,0.0,Negligible,Negligible,Negligible,Negligible,Negligible,Negligible,False,False,False,none,none,none,False,False,False
MONOCYTE_NON_CLASSICAL||Lipid_Metabolism_Signature,MONOCYTE NON CLASSICAL,0.093,-0.047,0.251,0.909125,0.418875,-0.015,-0.178,0.173,0.404875,0.2485,-0.109,-0.325,0.098,0.14825,0.5615,0.418875,0.096,0.011,0.000125,0.2485,0.02975,0.0025,0.0,0.5615,0.188875,0.037875,0.00025,Negligible,Negligible,Negligible,Negligible,Negligible,Negligible,False,False,False,none,none,none,False,False,False
MONOCYTE_NON_CLASSICAL||Patrolling_Signature,MONOCYTE NON CLASSICAL,0.039,-0.104,0.173,0.72975,0.204,-0.028,-0.191,0.147,0.355625,0.25425,-0.067,-0.259,0.14,0.2395,0.418625,0.204,0.011875,0.00075,0.0,0.25425,0.028,0.002875,0.0,0.418625,0.092625,0.0105,0.00025,Negligible,Negligible,Negligible,Negligible,Negligible,Negligible,False,False,False,none,none,none,False,False,False
MONOCYTE_NON_CLASSICAL||Type_I_IFN_Response_Signature,MONOCYTE NON CLASSICAL,0.021,-0.128,0.159,0.648375,0.17675,-0.078,-0.281,0.1,0.203125,0.3845,-0.099,-0.308,0.134,0.172125,0.5135,0.17675,0.0085,0.00025,0.0,0.3845,0.108125,0.02375,0.00025,0.5135,0.174,0.040875,0.0005,Negligible,Negligible,Negligible,Negligible,Negligible,Negligible,False,False,False,none,none,none,False,False,False
NK_CELLS||Adipokine_Signaling_Signature,NK CELLS,0.132,0.044,0.221,0.99725,0.76825,-0.067,-0.177,0.043,0.1095,0.27975,-0.199,-0.335,-0.069,0.002875,0.93475,0.76825,0.068625,0.00075,0.0,0.27975,0.010375,0.0,0.0,0.93475,0.498875,0.06475,0.0,Negligible,Negligible,Negligible,Negligible,Negligible,Negligible,True,False,True,up,none,down,False,False,False
NK_CELLS||Angiogenesis_Regulation_Signature,NK CELLS,0.126,0.042,0.22,0.995125,0.726,-0.067,-0.176,0.041,0.1115,0.282,-0.193,-0.325,-0.058,0.0055,0.916125,0.726,0.05,0.000125,0.0,0.282,0.009875,0.0,0.0,0.916125,0.465375,0.0495,0.0,Negligible,Negligible,Negligible,Negligible,Negligible,Negligible,True,False,True,up,none,down,False,False,False
NK_CELLS||Cell_Proliferation_Signature,NK CELLS,0.143,0.052,0.24,0.999625,0.8215,-0.08,-0.196,0.034,0.0715,0.3435,-0.224,-0.366,-0.093,0.0005,0.96975,0.8215,0.114125,0.00325,0.0,0.3435,0.028625,0.00125,0.0,0.96975,0.620875,0.12925,0.000375,Negligible,Negligible,Negligible,Negligible,Weak,Negligible,True,False,True,up,none,down,False,False,False
NK_CELLS||Complement_Activation_Signature,NK CELLS,0.134,0.044,0.227,0.996625,0.777125,-0.079,-0.196,0.032,0.073,0.341625,-0.213,-0.346,-0.075,0.0005,0.9575,0.777125,0.0755,0.001,0.0,0.341625,0.027,0.001375,0.0,0.9575,0.574375,0.099,0.000375,Negligible,Negligible,Negligible,Negligible,Negligible,Negligible,True,False,True,up,none,down,False,False,False
NK_CELLS||DNA_Repair_Signature,NK CELLS,0.141,0.046,0.233,0.998625,0.8145,-0.082,-0.198,0.031,0.067,0.3545,-0.223,-0.361,-0.085,0.000625,0.967,0.8145,0.10425,0.003125,0.0,0.3545,0.02975,0.001625,0.0,0.967,0.6205,0.13075,0.000625,Negligible,Negligible,Negligible,Negligible,Weak,Negligible,True,False,True,up,none,down,False,False,False
NK_CELLS||Degranulation_Signature,NK CELLS,0.133,0.042,0.221,0.9975,0.77375,-0.07,-0.179,0.042,0.098375,0.287875,-0.203,-0.334,-0.071,0.003,0.9385,0.77375,0.06925,0.00075,0.0,0.287875,0.012625,0.0005,0.0,0.9385,0.51925,0.067625,0.0,Negligible,Negligible,Negligible,Negligible,Negligible,Negligible,True,False,True,up,none,down,False,False,False
NK_CELLS||ER_Stress_Response_Signature,NK CELLS,0.127,0.033,0.216,0.99325,0.72725,-0.078,-0.191,0.032,0.078125,0.33025,-0.204,-0.34,-0.072,0.002,0.940125,0.72725,0.053125,0.000375,0.0,0.33025,0.0205,0.000875,0.0,0.940125,0.517125,0.076875,0.000125,Negligible,Negligible,Negligible,Negligible,Negligible,Negligible,True,False,True,up,none,down,False,False,False
NK_CELLS||Epigenetic_Silencing_Signature,NK CELLS,0.134,0.048,0.228,0.99725,0.780625,-0.075,-0.185,0.042,0.086,0.313625,-0.209,-0.348,-0.078,0.001625,0.9475,0.780625,0.075,0.001,0.0,0.313625,0.01925,0.00025,0.0,0.9475,0.546375,0.08625,0.0,Negligible,Negligible,Negligible,Negligible,Negligible,Negligible,True,False,True,up,none,down,False,False,False
NK_CELLS||Fatty_Acid_Oxidation_Signature,NK CELLS,0.141,0.049,0.237,0.998875,0.81425,-0.069,-0.181,0.041,0.110625,0.288375,-0.21,-0.347,-0.076,0.001125,0.9505,0.81425,0.10125,0.002625,0.0,0.288375,0.011875,0.00025,0.0,0.9505,0.555625,0.090125,0.0,Negligible,Negligible,Negligible,Negligible,Negligible,Negligible,True,False,True,up,none,down,False,False,False
NK_CELLS||Hedgehog_Signaling_Signature,NK CELLS,0.123,0.034,0.219,0.99175,0.70575,-0.065,-0.18,0.04,0.115375,0.26925,-0.189,-0.324,-0.058,0.005125,0.903625,0.70575,0.04625,0.00025,0.0,0.26925,0.0095,0.000625,0.0,0.903625,0.44225,0.046375,0.000125,Negligible,Negligible,Negligible,Negligible,Negligible,Negligible,True,False,True,up,none,down,False,False,False
NK_CELLS||Hypoxia_Response_Signature,NK CELLS,0.126,0.035,0.217,0.993125,0.7255,-0.063,-0.171,0.054,0.12425,0.260875,-0.19,-0.32,-0.047,0.006375,0.90875,0.7255,0.052375,0.000375,0.0,0.260875,0.00925,0.000125,0.0,0.90875,0.444875,0.049,0.0,Negligible,Negligible,Negligible,Negligible,Negligible,Negligible,True,False,True,up,none,down,False,False,False
NK_CELLS||Immunosenescence_Signature,NK CELLS,0.126,0.034,0.215,0.995625,0.722125,-0.056,-0.168,0.065,0.157125,0.231,-0.182,-0.32,-0.043,0.010375,0.887,0.722125,0.053125,0.000125,0.0,0.231,0.006,0.000125,0.0,0.887,0.405375,0.034375,0.0,Negligible,Negligible,Negligible,Negligible,Negligible,Negligible,True,False,True,up,none,down,False,False,False
NK_CELLS||Inhibitory_Receptor_Signature,NK CELLS,0.125,0.035,0.218,0.992125,0.713625,-0.065,-0.173,0.05,0.118625,0.269375,-0.19,-0.316,-0.042,0.006375,0.9035,0.713625,0.048125,0.00025,0.0,0.269375,0.011875,0.0005,0.0,0.9035,0.44575,0.051,0.0,Negligible,Negligible,Negligible,Negligible,Negligible,Negligible,True,False,True,up,none,down,False,False,False
NK_CELLS||KIR_Signaling_Signature,NK CELLS,0.13,0.045,0.224,0.996,0.752125,-0.073,-0.185,0.038,0.09075,0.30775,-0.203,-0.336,-0.072,0.00175,0.940875,0.752125,0.06275,0.0005,0.0,0.30775,0.016875,0.00025,0.0,0.940875,0.513625,0.076875,0.000125,Negligible,Negligible,Negligible,Negligible,Negligible,Negligible,True,False,True,up,none,down,False,False,False
NK_CELLS||Lipid_Metabolism_Signature,NK CELLS,0.146,0.051,0.245,0.99875,0.83925,-0.071,-0.183,0.039,0.102,0.2955,-0.217,-0.349,-0.073,0.00125,0.956,0.83925,0.12975,0.004625,0.0,0.2955,0.012875,0.000625,0.0,0.956,0.59475,0.1165,0.000375,Negligible,Negligible,Negligible,Negligible,Negligible,Negligible,True,False,True,up,none,down,False,False,False
NK_CELLS||Lipid_Peroxidation_Signature,NK CELLS,0.123,0.034,0.217,0.991125,0.711875,-0.067,-0.179,0.046,0.109,0.276625,-0.191,-0.321,-0.047,0.005125,0.91175,0.711875,0.041625,0.000375,0.0,0.276625,0.011875,0.000125,0.0,0.91175,0.443625,0.049625,0.0,Negligible,Negligible,Negligible,Negligible,Negligible,Negligible,True,False,True,up,none,down,False,False,False
NK_CELLS||Microbiome_Response_Signature,NK CELLS,0.12,0.022,0.212,0.98825,0.684,-0.073,-0.186,0.037,0.09225,0.3135,-0.193,-0.329,-0.058,0.005125,0.91425,0.684,0.037125,0.0,0.0,0.3135,0.0165,0.00075,0.0,0.91425,0.456125,0.056,0.00025,Negligible,Negligible,Negligible,Negligible,Negligible,Negligible,True,False,True,up,none,down,False,False,False
NK_CELLS||Migration_Signature,NK CELLS,0.124,0.035,0.217,0.9935,0.711,-0.069,-0.181,0.04,0.103375,0.291,-0.194,-0.324,-0.055,0.00425,0.921375,0.711,0.045875,0.0,0.0,0.291,0.01225,0.000875,0.0,0.921375,0.465,0.055375,0.0,Negligible,Negligible,Negligible,Negligible,Negligible,Negligible,True,False,True,up,none,down,False,False,False
NK_CELLS||Mitochondrial_Function_Signature,NK CELLS,0.14,0.051,0.235,0.998375,0.80725,-0.072,-0.189,0.036,0.094875,0.305375,-0.212,-0.348,-0.076,0.00175,0.95325,0.80725,0.107125,0.002625,0.0,0.305375,0.01525,0.00075,0.0,0.95325,0.566875,0.09625,0.00025,Negligible,Negligible,Negligible,Negligible,Negligible,Negligible,True,False,True,up,none,down,False,False,False
NK_CELLS||NCR_Signature,NK CELLS,0.127,0.039,0.217,0.995,0.736,-0.063,-0.172,0.052,0.1265,0.257875,-0.19,-0.323,-0.054,0.0055,0.910875,0.736,0.0515,0.00025,0.0,0.257875,0.0095,0.000125,0.0,0.910875,0.4465,0.046625,0.0,Negligible,Negligible,Negligible,Negligible,Negligible,Negligible,True,False,True,up,none,down,False,False,False
NK_CELLS||NK_Cell_Exhaustion_Signature,NK CELLS,0.12,0.023,0.211,0.987625,0.68675,-0.062,-0.169,0.056,0.129625,0.253375,-0.182,-0.318,-0.043,0.008875,0.8825,0.68675,0.0385,0.0,0.0,0.253375,0.0075,0.0,0.0,0.8825,0.40425,0.038375,0.0,Negligible,Negligible,Negligible,Negligible,Negligible,Negligible,True,False,True,up,none,down,False,False,False
NK_CELLS||Notch_Signaling_Signature,NK CELLS,0.133,0.044,0.226,0.997375,0.77175,-0.076,-0.188,0.033,0.081625,0.325625,-0.209,-0.348,-0.079,0.0015,0.950875,0.77175,0.073375,0.000625,0.0,0.325625,0.016375,0.00125,0.0,0.950875,0.55425,0.0885,0.00025,Negligible,Negligible,Negligible,Negligible,Negligible,Negligible,True,False,True,up,none,down,False,False,False
NK_CELLS||PI3K_AKT_Signaling_Signature,NK CELLS,0.137,0.046,0.23,0.99825,0.79125,-0.077,-0.192,0.033,0.079625,0.336,-0.214,-0.352,-0.078,0.000875,0.9555,0.79125,0.085,0.00175,0.0,0.336,0.022125,0.000875,0.0,0.9555,0.577375,0.101375,0.00025,Negligible,Negligible,Negligible,Negligible,Negligible,Negligible,True,False,True,up,none,down,False,False,False
NK_CELLS||TGF_Beta_Signaling_Signature,NK CELLS,0.129,0.037,0.217,0.995375,0.747875,-0.074,-0.186,0.038,0.09175,0.31225,-0.203,-0.342,-0.074,0.003,0.94175,0.747875,0.060875,0.000125,0.0,0.31225,0.017375,0.00075,0.0,0.94175,0.515875,0.07425,0.0,Negligible,Negligible,Negligible,Negligible,Negligible,Negligible,True,False,True,up,none,down,False,False,False
NK_CELLS||Tissue_Residency_Signature,NK CELLS,0.124,0.032,0.215,0.99075,0.71275,-0.072,-0.18,0.039,0.096375,0.30375,-0.196,-0.329,-0.055,0.00475,0.924,0.71275,0.046125,0.000125,0.0,0.30375,0.013375,0.0005,0.0,0.924,0.47625,0.058375,0.0,Negligible,Negligible,Negligible,Negligible,Negligible,Negligible,True,False,True,up,none,down,False,False,False
NK_CELLS||Wnt_Signaling_Signature,NK CELLS,0.131,0.039,0.221,0.995375,0.75375,-0.071,-0.178,0.046,0.09575,0.3025,-0.202,-0.335,-0.067,0.00275,0.9335,0.75375,0.062,0.000625,0.0,0.3025,0.01375,0.000125,0.0,0.9335,0.51425,0.072375,0.0,Negligible,Negligible,Negligible,Negligible,Negligible,Negligible,True,False,True,up,none,down,False,False,False
NK_CELLS||Wound_Healing_Support_Signature,NK CELLS,0.13,0.043,0.221,0.995375,0.757875,-0.067,-0.174,0.05,0.112875,0.278875,-0.197,-0.329,-0.062,0.003875,0.924375,0.757875,0.059625,0.00025,0.0,0.278875,0.01125,0.000125,0.0,0.924375,0.481,0.05925,0.000125,Negligible,Negligible,Negligible,Negligible,Negligible,Negligible,True,False,True,up,none,down,False,False,False
PDC||Angiogenesis_Regulation_Signature,PDC,0.001,-0.102,0.089,0.51,0.041125,-0.008,-0.13,0.101,0.431125,0.085375,-0.01,-0.147,0.127,0.442,0.148625,0.041125,0.000375,0.0,0.0,0.085375,0.0015,0.000125,0.0,0.148625,0.005375,0.000125,0.0,Negligible,Negligible,Negligible,Negligible,Negligible,Negligible,False,False,False,none,none,none,False,False,False
PDC||Anti_Apoptotic_Signature,PDC,-0.001,-0.099,0.091,0.493875,0.04175,-0.02,-0.135,0.09,0.366125,0.094,-0.018,-0.156,0.114,0.3965,0.15675,0.04175,0.000125,0.0,0.0,0.094,0.00275,0.000125,0.0,0.15675,0.007375,0.000125,0.0,Negligible,Negligible,Negligible,Negligible,Negligible,Negligible,False,False,False,none,none,none,False,False,False
PDC||Antigen_Processing_Signature,PDC,0.001,-0.095,0.094,0.50875,0.041125,-0.02,-0.133,0.093,0.3585,0.09725,-0.022,-0.163,0.112,0.3785,0.168875,0.041125,0.0005,0.0,0.0,0.09725,0.003875,0.000125,0.0,0.168875,0.0085,0.0,0.0,Negligible,Negligible,Negligible,Negligible,Negligible,Negligible,False,False,False,none,none,none,False,False,False
PDC||Cellular_Stress_Response_Signature,PDC,-0.002,-0.1,0.09,0.487875,0.040125,-0.016,-0.129,0.097,0.384,0.0905,-0.014,-0.152,0.122,0.410125,0.150375,0.040125,0.000625,0.0,0.0,0.0905,0.002875,0.0,0.0,0.150375,0.00725,0.000375,0.0,Negligible,Negligible,Negligible,Negligible,Negligible,Negligible,False,False,False,none,none,none,False,False,False
PDC||Complement_Activation_Signature,PDC,0.009,-0.084,0.108,0.558875,0.049,-0.021,-0.142,0.088,0.3575,0.09825,-0.03,-0.169,0.11,0.343,0.18375,0.049,0.00075,0.0,0.0,0.09825,0.004125,0.0,0.0,0.18375,0.01275,0.000625,0.0,Negligible,Negligible,Negligible,Negligible,Negligible,Negligible,False,False,False,none,none,none,False,False,False
PDC||CpG_Response_Signature,PDC,-0.013,-0.114,0.08,0.4085,0.0585,-0.025,-0.138,0.089,0.336125,0.103375,-0.012,-0.147,0.133,0.43075,0.159625,0.0585,0.001875,0.0,0.0,0.103375,0.005625,0.00025,0.0,0.159625,0.009375,0.00025,0.0,Negligible,Negligible,Negligible,Negligible,Negligible,Negligible,False,False,False,none,none,none,False,False,False
PDC||Cytokine_Production_Signature,PDC,-0.014,-0.116,0.083,0.399875,0.061,-0.012,-0.124,0.105,0.40975,0.0885,0.002,-0.14,0.139,0.509375,0.152,0.061,0.001375,0.0,0.0,0.0885,0.0025,0.0,0.0,0.152,0.007625,0.000125,0.0,Negligible,Negligible,Negligible,Negligible,Negligible,Negligible,False,False,False,none,none,none,False,False,False
PDC||ER_Stress_Response_Signature,PDC,-0.003,-0.1,0.093,0.48325,0.0455,-0.017,-0.127,0.095,0.374375,0.08875,-0.014,-0.146,0.124,0.419625,0.14875,0.0455,0.00075,0.0,0.0,0.08875,0.002375,0.000125,0.0,0.14875,0.0075,0.000375,0.0,Negligible,Negligible,Negligible,Negligible,Negligible,Negligible,False,False,False,none,none,none,False,False,False
PDC||Endosomal_TLR_Signature,PDC,0.007,-0.086,0.104,0.55025,0.0425,-0.016,-0.132,0.095,0.389125,0.091625,-0.023,-0.163,0.11,0.374875,0.164125,0.0425,0.0005,0.0,0.0,0.091625,0.00275,0.0,0.0,0.164125,0.008125,0.000125,0.0,Negligible,Negligible,Negligible,Negligible,Negligible,Negligible,False,False,False,none,none,none,False,False,False
PDC||Glutamine_Metabolism_Signature,PDC,-0.002,-0.1,0.091,0.487375,0.04225,-0.019,-0.13,0.098,0.3745,0.094625,-0.016,-0.154,0.119,0.412875,0.15475,0.04225,0.00025,0.0,0.0,0.094625,0.003125,0.00025,0.0,0.15475,0.006625,0.000125,0.0,Negligible,Negligible,Negligible,Negligible,Negligible,Negligible,False,False,False,none,none,none,False,False,False
PDC||Hypoxia_Response_Signature,PDC,-0.007,-0.105,0.086,0.45775,0.04675,-0.006,-0.117,0.112,0.443625,0.08525,0.002,-0.129,0.147,0.499375,0.143125,0.04675,0.000875,0.0,0.0,0.08525,0.002375,0.000125,0.0,0.143125,0.0075,0.00025,0.0,Negligible,Negligible,Negligible,Negligible,Negligible,Negligible,False,False,False,none,none,none,False,False,False
PDC||Immunosenescence_Signature,PDC,0.006,-0.084,0.108,0.54675,0.043375,-0.004,-0.118,0.11,0.461125,0.083375,-0.01,-0.153,0.126,0.43975,0.155625,0.043375,0.00025,0.0,0.0,0.083375,0.00275,0.000125,0.0,0.155625,0.00875,0.000125,0.0,Negligible,Negligible,Negligible,Negligible,Negligible,Negligible,False,False,False,none,none,none,False,False,False
PDC||Insulin_Resistance_Signaling_Signature,PDC,0.006,-0.089,0.102,0.54225,0.045125,-0.013,-0.125,0.1,0.401125,0.08975,-0.019,-0.159,0.114,0.3935,0.161625,0.045125,0.000125,0.0,0.0,0.08975,0.002375,0.0,0.0,0.161625,0.008125,0.000125,0.0,Negligible,Negligible,Negligible,Negligible,Negligible,Negligible,False,False,False,none,none,none,False,False,False
PDC||Interferon_Exhaustion_Signature,PDC,-0.002,-0.097,0.091,0.48775,0.040875,-0.014,-0.125,0.099,0.39825,0.0865,-0.012,-0.146,0.123,0.426625,0.14875,0.040875,0.0005,0.000125,0.0,0.0865,0.001375,0.0,0.0,0.14875,0.007375,0.00025,0.0,Negligible,Negligible,Negligible,Negligible,Negligible,Negligible,False,False,False,none,none,none,False,False,False
PDC||Iron_Metabolism_Signature,PDC,0.009,-0.084,0.111,0.573,0.04775,-0.013,-0.127,0.101,0.4035,0.085875,-0.023,-0.164,0.115,0.37075,0.164625,0.04775,0.00125,0.0,0.0,0.085875,0.00225,0.0,0.0,0.164625,0.009875,0.0005,0.0,Negligible,Negligible,Negligible,Negligible,Negligible,Negligible,False,False,False,none,none,none,False,False,False
PDC||Lipid_Antigen_Processing_Signature,PDC,0.006,-0.082,0.105,0.54125,0.039625,-0.005,-0.12,0.107,0.45325,0.085,-0.011,-0.152,0.125,0.426375,0.15625,0.039625,0.000375,0.0,0.0,0.085,0.00325,0.000125,0.0,0.15625,0.00725,0.00025,0.0,Negligible,Negligible,Negligible,Negligible,Negligible,Negligible,False,False,False,none,none,none,False,False,False
PDC||Lipid_Metabolism_Signature,PDC,0.023,-0.078,0.13,0.66225,0.084125,-0.013,-0.121,0.102,0.40325,0.082375,-0.036,-0.181,0.107,0.30975,0.203,0.084125,0.005,0.00025,0.0,0.082375,0.002375,0.000125,0.0,0.203,0.0195,0.000875,0.0,Negligible,Negligible,Negligible,Negligible,Negligible,Negligible,False,False,False,none,none,none,False,False,False
PDC||Microbiome_Response_Signature,PDC,-0.009,-0.112,0.088,0.436375,0.057,-0.015,-0.127,0.1,0.39175,0.0885,-0.006,-0.14,0.134,0.458875,0.149125,0.057,0.001375,0.0,0.0,0.0885,0.002375,0.00025,0.0,0.149125,0.006,0.000125,0.0,Negligible,Negligible,Negligible,Negligible,Negligible,Negligible,False,False,False,none,none,none,False,False,False
PDC||Migration_Signature,PDC,0.006,-0.086,0.108,0.5445,0.048,-0.014,-0.126,0.1,0.396375,0.085375,-0.02,-0.159,0.121,0.3835,0.166875,0.048,0.000875,0.0,0.0,0.085375,0.0025,0.0,0.0,0.166875,0.008875,0.0005,0.0,Negligible,Negligible,Negligible,Negligible,Negligible,Negligible,False,False,False,none,none,none,False,False,False
PDC||OXPHOS_Metabolism_Signature,PDC,0.022,-0.073,0.132,0.6495,0.0805,-0.013,-0.122,0.101,0.406875,0.084375,-0.034,-0.172,0.116,0.319,0.201125,0.0805,0.003625,0.00025,0.0,0.084375,0.001625,0.0,0.0,0.201125,0.020125,0.000875,0.0,Negligible,Negligible,Negligible,Negligible,Negligible,Negligible,False,False,False,none,none,none,False,False,False
PDC||Plasmacytoid_Identity_Signature,PDC,-0.008,-0.103,0.089,0.44325,0.04675,-0.01,-0.121,0.102,0.41925,0.08,-0.003,-0.14,0.133,0.48025,0.142375,0.04675,0.000875,0.0,0.0,0.08,0.002,0.0,0.0,0.142375,0.0055,0.000375,0.0,Negligible,Negligible,Negligible,Negligible,Negligible,Negligible,False,False,False,none,none,none,False,False,False
PDC||TLR_Signaling_Signature,PDC,0.003,-0.088,0.1,0.530375,0.0405,-0.021,-0.135,0.09,0.36,0.09825,-0.025,-0.158,0.117,0.35925,0.167125,0.0405,0.00075,0.0,0.0,0.09825,0.00425,0.000125,0.0,0.167125,0.010875,0.000625,0.0,Negligible,Negligible,Negligible,Negligible,Negligible,Negligible,False,False,False,none,none,none,False,False,False
PDC||Tolerance_Signature,PDC,-0.009,-0.107,0.088,0.441125,0.04975,-0.009,-0.118,0.107,0.429,0.0815,-0.0,-0.135,0.141,0.485375,0.14625,0.04975,0.00075,0.0,0.0,0.0815,0.001875,0.0,0.0,0.14625,0.005625,0.000125,0.0,Negligible,Negligible,Negligible,Negligible,Negligible,Negligible,False,False,False,none,none,none,False,False,False
PDC||TypeI_IFN_Response_Signature,PDC,-0.016,-0.12,0.08,0.393125,0.064,-0.025,-0.144,0.089,0.33375,0.1065,-0.009,-0.149,0.134,0.44675,0.161125,0.064,0.002875,0.0,0.0,0.1065,0.005625,0.000125,0.0,0.161125,0.009875,0.000625,0.0,Negligible,Negligible,Negligible,Negligible,Negligible,Negligible,False,False,False,none,none,none,False,False,False
PDC||Viral_Response_Signature,PDC,-0.009,-0.107,0.085,0.444125,0.045625,-0.02,-0.138,0.092,0.36225,0.097625,-0.011,-0.154,0.121,0.428375,0.151,0.045625,0.000875,0.0,0.0,0.097625,0.0025,0.0,0.0,0.151,0.006375,0.0,0.0,Negligible,Negligible,Negligible,Negligible,Negligible,Negligible,False,False,False,none,none,none,False,False,False
PDC||Wound_Healing_Support_Signature,PDC,0.004,-0.093,0.098,0.53175,0.04375,-0.008,-0.122,0.107,0.43375,0.084,-0.012,-0.144,0.128,0.43075,0.15325,0.04375,0.000375,0.0,0.0,0.084,0.00175,0.0,0.0,0.15325,0.00775,0.0,0.0,Negligible,Negligible,Negligible,Negligible,Negligible,Negligible,False,False,False,none,none,none,False,False,False
TAM||Adipokine_Signaling_Signature,TAM,-0.103,-0.217,0.008,0.040125,0.53475,-0.132,-0.257,0.003,0.025,0.69775,-0.029,-0.184,0.134,0.35175,0.2365,0.53475,0.03725,0.000375,0.0,0.69775,0.141,0.007375,0.000125,0.2365,0.022625,0.00175,0.0,Negligible,Negligible,Negligible,Negligible,Negligible,Negligible,False,False,False,none,none,none,False,False,False
TAM||Angiogenic_Support_Signature,TAM,-0.105,-0.215,0.006,0.03475,0.546875,-0.135,-0.264,-0.001,0.025625,0.71225,-0.031,-0.191,0.134,0.343375,0.2395,0.546875,0.04,0.000625,0.0,0.71225,0.152875,0.009625,0.0,0.2395,0.023625,0.001625,0.0,Negligible,Negligible,Negligible,Negligible,Negligible,Negligible,False,True,False,none,down,none,False,False,False
TAM||Chemokine_Production_Signature,TAM,-0.134,-0.253,-0.019,0.00525,0.70625,-0.126,-0.257,0.006,0.03625,0.6715,0.008,-0.149,0.175,0.517,0.22225,0.70625,0.12075,0.009,0.0,0.6715,0.125375,0.005,0.0,0.22225,0.020625,0.001375,0.0,Negligible,Negligible,Negligible,Negligible,Negligible,Negligible,True,False,False,down,none,none,False,False,False
TAM||Complement_Regulation_Signature,TAM,-0.098,-0.211,0.013,0.0485,0.501625,-0.147,-0.276,-0.01,0.011625,0.759875,-0.049,-0.209,0.118,0.269625,0.283625,0.501625,0.02775,0.000125,0.0,0.759875,0.198875,0.019,0.0,0.283625,0.037375,0.003625,0.0,Negligible,Negligible,Negligible,Negligible,Negligible,Negligible,False,True,False,none,down,none,False,False,False
TAM||ECM_Remodeling_Signature,TAM,-0.121,-0.231,-0.013,0.012,0.640375,-0.137,-0.266,-0.008,0.02025,0.71875,-0.016,-0.168,0.147,0.415125,0.2125,0.640375,0.07775,0.0025,0.0,0.71875,0.163875,0.00825,0.0,0.2125,0.01725,0.000875,0.0,Negligible,Negligible,Negligible,Negligible,Negligible,Negligible,True,True,False,down,down,none,False,False,False
TAM||Inflammatory_Resolution_Signature,TAM,-0.111,-0.222,-0.005,0.02425,0.5805,-0.131,-0.267,-0.005,0.028,0.69175,-0.02,-0.173,0.148,0.389625,0.215125,0.5805,0.047875,0.001375,0.0,0.69175,0.143125,0.00575,0.0,0.215125,0.01975,0.000875,0.0,Negligible,Negligible,Negligible,Negligible,Negligible,Negligible,True,True,False,down,down,none,False,False,False
TAM||Insulin_Resistance_Signaling_Signature,TAM,-0.127,-0.246,-0.014,0.01225,0.683375,-0.145,-0.272,-0.011,0.01325,0.7535,-0.018,-0.179,0.147,0.401875,0.225875,0.683375,0.101,0.00575,0.0,0.7535,0.191875,0.0175,0.0,0.225875,0.02175,0.000875,0.0,Negligible,Negligible,Negligible,Negligible,Negligible,Negligible,True,True,False,down,down,none,False,False,False
TAM||Iron_Handling_Signature,TAM,-0.11,-0.223,0.002,0.026875,0.5705,-0.139,-0.272,-0.015,0.0165,0.72775,-0.029,-0.186,0.134,0.358625,0.24425,0.5705,0.0535,0.001625,0.0,0.72775,0.170875,0.011,0.0,0.24425,0.024125,0.00175,0.0,Negligible,Negligible,Negligible,Negligible,Negligible,Negligible,False,True,False,none,down,none,False,False,False
TAM||Lysosomal_Function_Signature,TAM,-0.124,-0.244,-0.019,0.012375,0.659375,-0.141,-0.274,-0.012,0.018125,0.733625,-0.017,-0.177,0.144,0.41125,0.220875,0.659375,0.08975,0.00425,0.0,0.733625,0.176125,0.01275,0.0,0.220875,0.0185,0.001125,0.0,Negligible,Negligible,Negligible,Negligible,Negligible,Negligible,True,True,False,down,down,none,False,False,False
TAM||M2_Polarization_Signature,TAM,-0.075,-0.199,0.057,0.128,0.40225,-0.139,-0.269,-0.012,0.016875,0.72675,-0.064,-0.237,0.101,0.22875,0.33725,0.40225,0.01125,0.000125,0.0,0.72675,0.16675,0.010875,0.00025,0.33725,0.066125,0.00875,0.000125,Negligible,Negligible,Negligible,Negligible,Negligible,Negligible,False,True,False,none,down,none,False,False,False
TAM||Oxidative_Stress_Defense_Signature,TAM,-0.095,-0.208,0.018,0.0545,0.489125,-0.145,-0.274,-0.013,0.012,0.75,-0.049,-0.21,0.108,0.271125,0.284875,0.489125,0.023,0.000375,0.0,0.75,0.193,0.01525,0.0,0.284875,0.036875,0.0035,0.0,Negligible,Negligible,Negligible,Negligible,Negligible,Negligible,False,True,False,none,down,none,False,False,False
TAM||Phagocytic_Activity_Signature,TAM,-0.124,-0.241,-0.018,0.0115,0.6555,-0.139,-0.264,-0.007,0.016875,0.72425,-0.015,-0.171,0.146,0.417125,0.21425,0.6555,0.086625,0.0055,0.0,0.72425,0.168,0.0105,0.0,0.21425,0.017125,0.0005,0.0,Negligible,Negligible,Negligible,Negligible,Negligible,Negligible,True,True,False,down,down,none,False,False,False
TAM||Tissue_Repair_Signature,TAM,-0.111,-0.224,0.001,0.026875,0.584,-0.121,-0.25,0.026,0.05075,0.6475,-0.01,-0.176,0.158,0.43925,0.22725,0.584,0.053375,0.002125,0.0,0.6475,0.11575,0.003,0.0,0.22725,0.020375,0.001,0.0,Negligible,Negligible,Negligible,Negligible,Negligible,Negligible,False,False,False,none,none,none,False,False,False
TAM||Tumor_Support_Signature,TAM,-0.125,-0.244,-0.019,0.009125,0.66375,-0.128,-0.259,0.002,0.032625,0.678625,-0.003,-0.159,0.159,0.47025,0.209,0.66375,0.097,0.004625,0.0,0.678625,0.133125,0.006,0.0,0.209,0.015375,0.0005,0.0,Negligible,Negligible,Negligible,Negligible,Negligible,Negligible,True,False,False,down,none,none,False,False,False
T_GAMMA_DELTA||Cytokine_Production_Signature,T GAMMA DELTA,0.003,-0.17,0.157,0.521875,0.2225,0.113,-0.094,0.325,0.861375,0.56675,0.11,-0.115,0.351,0.825125,0.564125,0.2225,0.017375,0.000875,0.0,0.56675,0.196625,0.040875,0.000625,0.564125,0.223125,0.055625,0.000625,Negligible,Negligible,Negligible,Negligible,Negligible,Negligible,False,False,False,none,none,none,False,False,False
T_GAMMA_DELTA||Cytolytic_Deficiency_Signature,T GAMMA DELTA,0.055,-0.104,0.222,0.744125,0.307125,0.088,-0.123,0.298,0.810125,0.5085,0.033,-0.198,0.262,0.6175,0.415125,0.307125,0.048375,0.00375,0.0,0.5085,0.140125,0.021375,0.0,0.415125,0.0985,0.014875,0.0,Negligible,Negligible,Negligible,Negligible,Negligible,Negligible,False,False,False,none,none,none,False,False,False
T_GAMMA_DELTA||Type3_Immunity_Signature,T GAMMA DELTA,0.012,-0.154,0.167,0.566,0.222875,0.116,-0.099,0.321,0.868875,0.575125,0.104,-0.132,0.334,0.809375,0.5465,0.222875,0.015375,0.000875,0.0,0.575125,0.2025,0.04225,0.000625,0.5465,0.211375,0.051,0.001,Negligible,Negligible,Negligible,Negligible,Negligible,Negligible,False,False,False,none,none,none,False,False,False
