feature,cell_type,overweight_vs_normal_mean,overweight_vs_normal_hdi_low,overweight_vs_normal_hdi_high,overweight_vs_normal_prob_positive,overweight_vs_normal_prob_sig,obese_vs_normal_mean,obese_vs_normal_hdi_low,obese_vs_normal_hdi_high,obese_vs_normal_prob_positive,obese_vs_normal_prob_sig,obese_vs_overweight_mean,obese_vs_overweight_hdi_low,obese_vs_overweight_hdi_high,obese_vs_overweight_prob_positive,obese_vs_overweight_prob_sig,overweight_prob_gt_0.1,overweight_prob_gt_0.2,overweight_prob_gt_0.3,overweight_prob_gt_0.5,obese_prob_gt_0.1,obese_prob_gt_0.2,obese_prob_gt_0.3,obese_prob_gt_0.5,obese_vs_overweight_prob_gt_0.1,obese_vs_overweight_prob_gt_0.2,obese_vs_overweight_prob_gt_0.3,obese_vs_overweight_prob_gt_0.5,overweight_evidence_medium,overweight_evidence_large,obese_evidence_medium,obese_evidence_large,obese_vs_overweight_evidence_medium,obese_vs_overweight_evidence_large,overweight_credible,obese_credible,obese_vs_overweight_credible,overweight_direction,obese_direction,obese_vs_overweight_direction,overweight_credible_rope,obese_credible_rope,obese_vs_overweight_credible_rope
ACINAR||Calcium_Signaling_Signature,ACINAR,-0.323,-0.429,-0.228,0.0,1.0,-0.27,-0.402,-0.122,0.00025,0.99,0.053,-0.092,0.21,0.76325,0.283375,1.0,0.992125,0.6685,0.00125,0.99,0.84625,0.329375,0.002375,0.283375,0.03075,0.001125,0.0,Strong,Negligible,Moderate,Negligible,Negligible,Negligible,True,True,False,down,down,none,True,False,False
ACINAR||Cell_Death_Resistance_Signature,ACINAR,-0.322,-0.427,-0.224,0.0,0.999875,-0.281,-0.421,-0.141,0.0,0.99425,0.042,-0.118,0.185,0.719875,0.2545,0.999875,0.9905,0.668625,0.00125,0.99425,0.8875,0.374125,0.00425,0.2545,0.0205,0.001125,0.0,Strong,Negligible,Moderate,Negligible,Negligible,Negligible,True,True,False,down,down,none,True,False,False
ACINAR||Insulin_Resistance_Acinar_Signature,ACINAR,-0.318,-0.422,-0.216,0.0,1.0,-0.264,-0.4,-0.126,0.000375,0.987,0.053,-0.099,0.204,0.7655,0.28275,1.0,0.986375,0.63775,0.00075,0.987,0.831125,0.295375,0.001125,0.28275,0.029875,0.00175,0.0,Strong,Negligible,Moderate,Negligible,Negligible,Negligible,True,True,False,down,down,none,True,False,False
ACINAR||Lipid_Storage_Overload_Signature,ACINAR,-0.303,-0.404,-0.197,0.0,0.999,-0.26,-0.41,-0.123,0.00075,0.9805,0.043,-0.105,0.205,0.71775,0.252125,0.999,0.967625,0.541625,0.000125,0.9805,0.81575,0.281,0.00075,0.252125,0.02725,0.00075,0.0,Strong,Negligible,Moderate,Negligible,Negligible,Negligible,True,True,False,down,down,none,True,False,False
ADIPOCYTES||Adipogenesis_Program_Signature,ADIPOCYTES,0.093,-0.037,0.233,0.910125,0.463125,0.011,-0.135,0.151,0.561375,0.16025,-0.082,-0.252,0.083,0.16325,0.4285,0.463125,0.061,0.00075,0.0,0.16025,0.012,0.001125,0.0,0.4285,0.083875,0.0065,0.0,Negligible,Negligible,Negligible,Negligible,Negligible,Negligible,False,False,False,none,none,none,False,False,False
ADIPOCYTES||Extracellular_Matrix_Signature,ADIPOCYTES,-0.145,-0.282,-0.004,0.017375,0.729875,0.019,-0.122,0.166,0.603,0.173625,0.164,-0.018,0.336,0.966125,0.76625,0.729875,0.21625,0.015625,0.0,0.173625,0.013375,0.0005,0.0,0.76625,0.338375,0.065375,0.00025,Negligible,Negligible,Negligible,Negligible,Negligible,Negligible,True,False,False,down,none,none,False,False,False
ADIPOCYTES||Inflammatory_Adipokine_Signature,ADIPOCYTES,-0.085,-0.22,0.038,0.100375,0.406125,-0.021,-0.174,0.129,0.40825,0.18125,0.065,-0.1,0.24,0.7785,0.380625,0.406125,0.045375,0.001125,0.0,0.18125,0.02125,0.001625,0.0,0.380625,0.056375,0.002875,0.0,Negligible,Negligible,Negligible,Negligible,Negligible,Negligible,False,False,False,none,none,none,False,False,False
ADIPOCYTES||Lipid_Storage_Signature,ADIPOCYTES,0.103,-0.03,0.238,0.934,0.516125,0.024,-0.12,0.17,0.62125,0.174875,-0.079,-0.246,0.091,0.183625,0.42375,0.516125,0.082625,0.002625,0.0,0.174875,0.015625,0.0005,0.0,0.42375,0.080125,0.006625,0.0,Negligible,Negligible,Negligible,Negligible,Negligible,Negligible,False,False,False,none,none,none,False,False,False
FIBROBLASTS||Apoptosis_Regulation_Signature,FIBROBLASTS,0.133,0.08,0.182,0.999875,0.9275,0.09,0.022,0.152,0.986625,0.389,-0.042,-0.12,0.035,0.113,0.074,0.9275,0.013625,0.0,0.0,0.389,0.00125,0.0,0.0,0.074,0.00175,0.0,0.0,Negligible,Negligible,Negligible,Negligible,Negligible,Negligible,True,True,False,up,up,none,False,False,False
FIBROBLASTS||Autophagy_Regulation_Signature,FIBROBLASTS,0.127,0.077,0.176,0.9995,0.88775,0.097,0.033,0.165,0.994625,0.457375,-0.03,-0.104,0.049,0.186625,0.035,0.88775,0.00525,0.0,0.0,0.457375,0.004,0.0,0.0,0.035,0.00075,0.0,0.0,Negligible,Negligible,Negligible,Negligible,Negligible,Negligible,True,True,False,up,up,none,False,False,False
FIBROBLASTS||Cell_Migration_Signature,FIBROBLASTS,0.129,0.079,0.178,0.999875,0.897125,0.105,0.038,0.174,0.999,0.5335,-0.023,-0.1,0.053,0.236375,0.022375,0.897125,0.00475,0.0,0.0,0.5335,0.014125,0.000125,0.0,0.022375,0.000125,0.0,0.0,Negligible,Negligible,Negligible,Negligible,Negligible,Negligible,True,True,False,up,up,none,False,False,False
FIBROBLASTS||Collagen_Synthesis_Signature,FIBROBLASTS,0.121,0.066,0.172,0.999375,0.828125,0.099,0.033,0.163,0.996125,0.478375,-0.022,-0.097,0.056,0.25675,0.021,0.828125,0.001875,0.0,0.0,0.478375,0.005625,0.0,0.0,0.021,0.0,0.0,0.0,Negligible,Negligible,Negligible,Negligible,Negligible,Negligible,True,True,False,up,up,none,False,False,False
FIBROBLASTS||Contractile_Phenotype_Signature,FIBROBLASTS,0.127,0.079,0.179,0.99975,0.88525,0.1,0.033,0.163,0.99675,0.48725,-0.027,-0.103,0.048,0.212,0.027375,0.88525,0.00375,0.0,0.0,0.48725,0.004875,0.0,0.0,0.027375,0.00025,0.0,0.0,Negligible,Negligible,Negligible,Negligible,Negligible,Negligible,True,True,False,up,up,none,False,False,False
FIBROBLASTS||ECM_Production_Signature,FIBROBLASTS,0.126,0.077,0.175,1.0,0.873,0.1,0.031,0.163,0.996875,0.482625,-0.026,-0.101,0.048,0.21675,0.02675,0.873,0.003125,0.0,0.0,0.482625,0.006375,0.000125,0.0,0.02675,0.000125,0.0,0.0,Negligible,Negligible,Negligible,Negligible,Negligible,Negligible,True,True,False,up,up,none,False,False,False
FIBROBLASTS||ER_Stress_Response_Signature,FIBROBLASTS,0.13,0.082,0.18,0.99975,0.907625,0.093,0.025,0.159,0.990125,0.420875,-0.037,-0.117,0.041,0.14475,0.051375,0.907625,0.00675,0.0,0.0,0.420875,0.001875,0.0,0.0,0.051375,0.000625,0.0,0.0,Negligible,Negligible,Negligible,Negligible,Negligible,Negligible,True,True,False,up,up,none,False,False,False
FIBROBLASTS||Elastin_Synthesis_Signature,FIBROBLASTS,0.129,0.08,0.18,0.99975,0.899,0.096,0.029,0.157,0.993375,0.449,-0.032,-0.107,0.041,0.172,0.03675,0.899,0.00475,0.0,0.0,0.449,0.003375,0.000125,0.0,0.03675,0.00025,0.0,0.0,Negligible,Negligible,Negligible,Negligible,Negligible,Negligible,True,True,False,up,up,none,False,False,False
FIBROBLASTS||Fatty_Acid_Oxidation_Signature,FIBROBLASTS,0.141,0.089,0.199,1.0,0.963,0.093,0.024,0.158,0.988875,0.419875,-0.048,-0.13,0.032,0.097,0.098875,0.963,0.036625,0.0005,0.0,0.419875,0.00125,0.0,0.0,0.098875,0.002375,0.0,0.0,Negligible,Negligible,Negligible,Negligible,Negligible,Negligible,True,True,False,up,up,none,False,False,False
FIBROBLASTS||Fibroblast_Identity_Signature,FIBROBLASTS,0.132,0.084,0.183,0.999875,0.91825,0.09,0.019,0.153,0.98675,0.3895,-0.041,-0.122,0.034,0.123,0.067375,0.91825,0.011,0.0,0.0,0.3895,0.001125,0.0,0.0,0.067375,0.00075,0.0,0.0,Negligible,Negligible,Negligible,Negligible,Negligible,Negligible,True,True,False,up,up,none,False,False,False
FIBROBLASTS||Fibrosis_Signature,FIBROBLASTS,0.132,0.086,0.186,1.0,0.922875,0.098,0.034,0.166,0.99575,0.46275,-0.034,-0.11,0.043,0.158875,0.045625,0.922875,0.01375,0.0,0.0,0.46275,0.00575,0.0,0.0,0.045625,0.000125,0.0,0.0,Negligible,Negligible,Negligible,Negligible,Negligible,Negligible,True,True,False,up,up,none,False,False,False
FIBROBLASTS||Glycosaminoglycan_Synthesis_Signature,FIBROBLASTS,0.122,0.069,0.171,0.9995,0.8445,0.088,0.02,0.156,0.982,0.365625,-0.035,-0.119,0.039,0.166625,0.050625,0.8445,0.001625,0.0,0.0,0.365625,0.000375,0.0,0.0,0.050625,0.0005,0.0,0.0,Negligible,Negligible,Negligible,Negligible,Negligible,Negligible,True,True,False,up,up,none,False,False,False
FIBROBLASTS||Growth_Factor_Secretion_Signature,FIBROBLASTS,0.126,0.072,0.174,0.9995,0.867,0.1,0.038,0.166,0.99725,0.487125,-0.026,-0.1,0.051,0.22325,0.025625,0.867,0.00325,0.0,0.0,0.487125,0.005125,0.0,0.0,0.025625,0.0,0.0,0.0,Negligible,Negligible,Negligible,Negligible,Negligible,Negligible,True,True,False,up,up,none,False,False,False
FIBROBLASTS||Hedgehog_Signaling_Signature,FIBROBLASTS,0.122,0.067,0.169,0.998875,0.842,0.1,0.035,0.164,0.997875,0.49475,-0.022,-0.095,0.054,0.252125,0.018375,0.842,0.000875,0.0,0.0,0.49475,0.006,0.0,0.0,0.018375,0.000125,0.0,0.0,Negligible,Negligible,Negligible,Negligible,Negligible,Negligible,True,True,False,up,up,none,False,False,False
FIBROBLASTS||Inflammatory_Signature,FIBROBLASTS,0.126,0.073,0.177,0.999375,0.872,0.096,0.028,0.16,0.99325,0.4505,-0.029,-0.106,0.049,0.1975,0.0395,0.872,0.00375,0.0,0.0,0.4505,0.004875,0.000125,0.0,0.0395,0.00025,0.0,0.0,Negligible,Negligible,Negligible,Negligible,Negligible,Negligible,True,True,False,up,up,none,False,False,False
FIBROBLASTS||Insulin_Signaling_Dysregulation_Signature,FIBROBLASTS,0.126,0.073,0.175,0.999875,0.883625,0.096,0.031,0.161,0.993,0.446125,-0.031,-0.107,0.043,0.186125,0.03425,0.883625,0.004125,0.0,0.0,0.446125,0.002375,0.0,0.0,0.03425,0.00025,0.0,0.0,Negligible,Negligible,Negligible,Negligible,Negligible,Negligible,True,True,False,up,up,none,False,False,False
FIBROBLASTS||Lipid_Metabolism_Signature,FIBROBLASTS,0.128,0.078,0.179,0.99975,0.895375,0.102,0.039,0.171,0.99725,0.503875,-0.026,-0.099,0.055,0.21425,0.027875,0.895375,0.005375,0.0,0.0,0.503875,0.0085,0.0,0.0,0.027875,0.00025,0.0,0.0,Negligible,Negligible,Negligible,Negligible,Negligible,Negligible,True,True,False,up,up,none,False,False,False
FIBROBLASTS||MAPK_Signaling_Signature,FIBROBLASTS,0.128,0.077,0.178,0.999875,0.888875,0.101,0.036,0.17,0.997625,0.49625,-0.027,-0.105,0.05,0.21025,0.03275,0.888875,0.006875,0.000125,0.0,0.49625,0.008125,0.0,0.0,0.03275,0.000125,0.0,0.0,Negligible,Negligible,Negligible,Negligible,Negligible,Negligible,True,True,False,up,up,none,False,False,False
FIBROBLASTS||Matrix_Remodeling_Signature,FIBROBLASTS,0.134,0.084,0.187,1.0,0.930125,0.097,0.033,0.162,0.995,0.4555,-0.037,-0.113,0.036,0.14425,0.0505,0.930125,0.015625,0.0,0.0,0.4555,0.002375,0.0,0.0,0.0505,0.000375,0.0,0.0,Negligible,Negligible,Negligible,Negligible,Negligible,Negligible,True,True,False,up,up,none,False,False,False
FIBROBLASTS||Mitochondrial_Function_Signature,FIBROBLASTS,0.136,0.089,0.192,1.0,0.94425,0.096,0.031,0.161,0.994125,0.44375,-0.04,-0.119,0.034,0.128875,0.057125,0.94425,0.019625,0.0,0.0,0.44375,0.00275,0.0,0.0,0.057125,0.000375,0.0,0.0,Negligible,Negligible,Negligible,Negligible,Negligible,Negligible,True,True,False,up,up,none,False,False,False
FIBROBLASTS||NF_kB_Signaling_Signature,FIBROBLASTS,0.125,0.072,0.172,0.999875,0.868875,0.092,0.024,0.156,0.9895,0.406,-0.034,-0.112,0.04,0.172375,0.042875,0.868875,0.003125,0.0,0.0,0.406,0.001875,0.0,0.0,0.042875,0.000125,0.0,0.0,Negligible,Negligible,Negligible,Negligible,Negligible,Negligible,True,True,False,up,up,none,False,False,False
FIBROBLASTS||Notch_Signaling_Signature,FIBROBLASTS,0.131,0.084,0.185,0.999875,0.923125,0.095,0.029,0.159,0.9925,0.4415,-0.036,-0.115,0.039,0.146625,0.0515,0.923125,0.00925,0.000125,0.0,0.4415,0.0025,0.0,0.0,0.0515,0.0005,0.0,0.0,Negligible,Negligible,Negligible,Negligible,Negligible,Negligible,True,True,False,up,up,none,False,False,False
FIBROBLASTS||PI3K_AKT_Signaling_Signature,FIBROBLASTS,0.136,0.087,0.192,1.0,0.93975,0.101,0.038,0.17,0.99725,0.49025,-0.035,-0.116,0.043,0.16075,0.052,0.93975,0.01975,0.0,0.0,0.49025,0.008,0.000125,0.0,0.052,0.00025,0.0,0.0,Negligible,Negligible,Negligible,Negligible,Negligible,Negligible,True,True,False,up,up,none,False,False,False
FIBROBLASTS||Proteoglycan_Synthesis_Signature,FIBROBLASTS,0.129,0.081,0.183,0.99975,0.895625,0.101,0.038,0.172,0.99775,0.500625,-0.028,-0.103,0.05,0.2025,0.029875,0.895625,0.00675,0.0,0.0,0.500625,0.005875,0.000125,0.0,0.029875,0.000125,0.0,0.0,Negligible,Negligible,Negligible,Negligible,Negligible,Negligible,True,True,False,up,up,none,False,False,False
FIBROBLASTS||TGF_Beta_Signaling_Signature,FIBROBLASTS,0.13,0.079,0.181,1.0,0.908,0.101,0.035,0.168,0.9975,0.500125,-0.029,-0.099,0.054,0.193125,0.03175,0.908,0.008875,0.0,0.0,0.500125,0.006875,0.000125,0.0,0.03175,0.000375,0.0,0.0,Negligible,Negligible,Negligible,Negligible,Negligible,Negligible,True,True,False,up,up,none,False,False,False
FIBROBLASTS||Wnt_Signaling_Signature,FIBROBLASTS,0.123,0.07,0.173,0.99925,0.84275,0.103,0.036,0.166,0.99825,0.511375,-0.02,-0.095,0.059,0.26825,0.017125,0.84275,0.0015,0.0,0.0,0.511375,0.008125,0.0,0.0,0.017125,0.0,0.0,0.0,Negligible,Negligible,Negligible,Negligible,Negligible,Negligible,True,True,False,up,up,none,False,False,False
ICAF||Apoptosis_Regulation_Signature,ICAF,0.104,0.037,0.182,0.998875,0.508625,0.071,-0.014,0.16,0.950125,0.238625,-0.033,-0.137,0.07,0.25575,0.1005,0.508625,0.017875,0.0,0.0,0.238625,0.0055,0.0,0.0,0.1005,0.00325,0.0,0.0,Negligible,Negligible,Negligible,Negligible,Negligible,Negligible,True,False,False,up,none,none,False,False,False
ICAF||Autophagy_Regulation_Signature,ICAF,0.09,0.025,0.158,0.992375,0.35825,0.066,-0.029,0.148,0.93025,0.203125,-0.024,-0.125,0.075,0.30525,0.073125,0.35825,0.002125,0.0,0.0,0.203125,0.002625,0.0,0.0,0.073125,0.002,0.000125,0.0,Negligible,Negligible,Negligible,Negligible,Negligible,Negligible,True,False,False,up,none,none,False,False,False
ICAF||Cell_Proliferation_Signature,ICAF,0.098,0.032,0.171,0.9975,0.438875,0.059,-0.04,0.144,0.90125,0.17025,-0.039,-0.153,0.058,0.219125,0.121875,0.438875,0.0095,0.0,0.0,0.17025,0.001125,0.0,0.0,0.121875,0.005,0.0,0.0,Negligible,Negligible,Negligible,Negligible,Negligible,Negligible,True,False,False,up,none,none,False,False,False
ICAF||Chemokine_Production_Signature,ICAF,0.084,0.011,0.148,0.984875,0.310875,0.068,-0.022,0.154,0.939,0.215,-0.017,-0.11,0.089,0.35875,0.059875,0.310875,0.001625,0.000125,0.0,0.215,0.003625,0.000125,0.0,0.059875,0.002,0.0,0.0,Negligible,Negligible,Negligible,Negligible,Negligible,Negligible,True,False,False,up,none,none,False,False,False
ICAF||ER_Stress_Response_Signature,ICAF,0.088,0.018,0.153,0.990625,0.3405,0.076,-0.005,0.166,0.96625,0.262375,-0.011,-0.111,0.081,0.395375,0.04975,0.3405,0.0025,0.0,0.0,0.262375,0.007625,0.000125,0.0,0.04975,0.000375,0.0,0.0,Negligible,Negligible,Negligible,Negligible,Negligible,Negligible,True,False,False,up,none,none,False,False,False
ICAF||Hedgehog_Signaling_Signature,ICAF,0.073,-0.008,0.139,0.954875,0.23025,0.072,-0.019,0.159,0.950375,0.24475,-0.001,-0.104,0.108,0.47475,0.065375,0.23025,0.000375,0.0,0.0,0.24475,0.006,0.0,0.0,0.065375,0.001375,0.0,0.0,Negligible,Negligible,Negligible,Negligible,Negligible,Negligible,False,False,False,none,none,none,False,False,False
ICAF||Ion_Channel_Signature,ICAF,0.085,0.016,0.153,0.98525,0.32325,0.079,-0.009,0.17,0.967375,0.282,-0.007,-0.106,0.097,0.426125,0.05475,0.32325,0.002125,0.0,0.0,0.282,0.01025,0.000125,0.0,0.05475,0.001125,0.0,0.0,Negligible,Negligible,Negligible,Negligible,Negligible,Negligible,True,False,False,up,none,none,False,False,False
ICAF||Lipid_Metabolism_Signature,ICAF,0.096,0.029,0.168,0.995375,0.42925,0.064,-0.027,0.149,0.9235,0.194125,-0.032,-0.139,0.065,0.257375,0.096625,0.42925,0.007,0.0,0.0,0.194125,0.001625,0.0,0.0,0.096625,0.004125,0.000125,0.0,Negligible,Negligible,Negligible,Negligible,Negligible,Negligible,True,False,False,up,none,none,False,False,False
ICAF||Notch_Signaling_Signature,ICAF,0.095,0.027,0.167,0.995875,0.419375,0.075,-0.013,0.166,0.96025,0.263,-0.02,-0.119,0.083,0.34375,0.069875,0.419375,0.00575,0.0,0.0,0.263,0.008125,0.0,0.0,0.069875,0.001,0.0,0.0,Negligible,Negligible,Negligible,Negligible,Negligible,Negligible,True,False,False,up,none,none,False,False,False
ICAF||Oxidative_Stress_Response_Signature,ICAF,0.081,0.006,0.143,0.9815,0.29,0.086,0.002,0.186,0.979875,0.339,0.005,-0.094,0.111,0.5055,0.05825,0.29,0.00075,0.0,0.0,0.339,0.019875,0.001,0.0,0.05825,0.002375,0.0,0.0,Negligible,Negligible,Negligible,Negligible,Negligible,Negligible,True,True,False,up,up,none,False,False,False
ICAF||Therapy_Resistance_Signature,ICAF,0.096,0.032,0.169,0.9965,0.4285,0.075,-0.011,0.162,0.960375,0.256875,-0.021,-0.12,0.082,0.322625,0.067625,0.4285,0.006,0.000125,0.0,0.256875,0.005,0.0,0.0,0.067625,0.001375,0.0,0.0,Negligible,Negligible,Negligible,Negligible,Negligible,Negligible,True,False,False,up,none,none,False,False,False
ICAF||Wnt_Signaling_Signature,ICAF,0.08,0.006,0.146,0.975875,0.277125,0.076,-0.014,0.159,0.96425,0.267375,-0.003,-0.101,0.102,0.4545,0.0535,0.277125,0.000125,0.0,0.0,0.267375,0.00875,0.000375,0.0,0.0535,0.0005,0.0,0.0,Negligible,Negligible,Negligible,Negligible,Negligible,Negligible,True,False,False,up,none,none,False,False,False
ICAF||mTOR_Signaling_Signature,ICAF,0.095,0.025,0.163,0.995125,0.413875,0.071,-0.016,0.158,0.946875,0.23475,-0.024,-0.124,0.078,0.304625,0.072875,0.413875,0.006375,0.0,0.0,0.23475,0.0035,0.0,0.0,0.072875,0.001,0.0,0.0,Negligible,Negligible,Negligible,Negligible,Negligible,Negligible,True,False,False,up,none,none,False,False,False
ISLET_ENDOCRINE||Adipokine_Signaling_Signature,ISLET ENDOCRINE,0.005,-0.041,0.053,0.58975,0.0015,0.0,-0.067,0.066,0.520125,0.012625,-0.005,-0.08,0.07,0.45625,0.018375,0.0015,0.0,0.0,0.0,0.012625,0.0,0.0,0.0,0.018375,0.000125,0.0,0.0,Negligible,Negligible,Negligible,Negligible,Negligible,Negligible,False,False,False,none,none,none,False,False,False
ISLET_ENDOCRINE||Apoptosis_Regulation_Signature,ISLET ENDOCRINE,0.007,-0.038,0.056,0.61,0.0005,0.004,-0.063,0.07,0.56375,0.007625,-0.003,-0.078,0.071,0.4705,0.014375,0.0005,0.0,0.0,0.0,0.007625,0.000125,0.0,0.0,0.014375,0.0,0.0,0.0,Negligible,Negligible,Negligible,Negligible,Negligible,Negligible,False,False,False,none,none,none,False,False,False
ISLET_ENDOCRINE||Autophagy_Regulation_Signature,ISLET ENDOCRINE,0.004,-0.039,0.051,0.580375,0.0005,0.004,-0.066,0.068,0.55525,0.00925,-0.0,-0.073,0.073,0.497625,0.013,0.0005,0.0,0.0,0.0,0.00925,0.0,0.0,0.0,0.013,0.0,0.0,0.0,Negligible,Negligible,Negligible,Negligible,Negligible,Negligible,False,False,False,none,none,none,False,False,False
ISLET_ENDOCRINE||Beta_Cell_Identity_Signature,ISLET ENDOCRINE,0.003,-0.042,0.049,0.572,0.000875,0.004,-0.062,0.069,0.555,0.00775,0.001,-0.071,0.076,0.504375,0.010875,0.000875,0.0,0.0,0.0,0.00775,0.000125,0.0,0.0,0.010875,0.00025,0.0,0.0,Negligible,Negligible,Negligible,Negligible,Negligible,Negligible,False,False,False,none,none,none,False,False,False
ISLET_ENDOCRINE||Calcium_Handling_Signature,ISLET ENDOCRINE,0.008,-0.04,0.054,0.622625,0.001875,0.003,-0.063,0.069,0.561125,0.00975,-0.004,-0.086,0.064,0.45925,0.01525,0.001875,0.0,0.0,0.0,0.00975,0.0,0.0,0.0,0.01525,0.0,0.0,0.0,Negligible,Negligible,Negligible,Negligible,Negligible,Negligible,False,False,False,none,none,none,False,False,False
ISLET_ENDOCRINE||Cell_Adhesion_Signature,ISLET ENDOCRINE,0.003,-0.044,0.048,0.563375,0.001125,0.007,-0.059,0.075,0.584875,0.011375,0.004,-0.073,0.078,0.53725,0.01775,0.001125,0.0,0.0,0.0,0.011375,0.000125,0.0,0.0,0.01775,0.0,0.0,0.0,Negligible,Negligible,Negligible,Negligible,Negligible,Negligible,False,False,False,none,none,none,False,False,False
ISLET_ENDOCRINE||Cell_Cycle_Control_Signature,ISLET ENDOCRINE,0.003,-0.044,0.05,0.56375,0.000625,0.009,-0.06,0.073,0.611375,0.012125,0.005,-0.069,0.079,0.549625,0.013,0.000625,0.0,0.0,0.0,0.012125,0.00025,0.0,0.0,0.013,0.000375,0.0,0.0,Negligible,Negligible,Negligible,Negligible,Negligible,Negligible,False,False,False,none,none,none,False,False,False
ISLET_ENDOCRINE||Cell_Survival_Signature,ISLET ENDOCRINE,0.005,-0.041,0.053,0.586125,0.000875,0.006,-0.061,0.073,0.575,0.009,0.001,-0.075,0.073,0.506375,0.013125,0.000875,0.0,0.0,0.0,0.009,0.000125,0.0,0.0,0.013125,0.000125,0.0,0.0,Negligible,Negligible,Negligible,Negligible,Negligible,Negligible,False,False,False,none,none,none,False,False,False
ISLET_ENDOCRINE||Dedifferentiation_Signature,ISLET ENDOCRINE,0.004,-0.041,0.05,0.5675,0.00075,0.006,-0.059,0.07,0.578125,0.009875,0.002,-0.072,0.075,0.52475,0.013,0.00075,0.0,0.0,0.0,0.009875,0.0,0.0,0.0,0.013,0.0,0.0,0.0,Negligible,Negligible,Negligible,Negligible,Negligible,Negligible,False,False,False,none,none,none,False,False,False
ISLET_ENDOCRINE||ER_Homeostasis_Signature,ISLET ENDOCRINE,-0.001,-0.049,0.047,0.508125,0.002375,-0.0,-0.068,0.064,0.5155,0.00925,0.001,-0.074,0.079,0.514,0.016125,0.002375,0.0,0.0,0.0,0.00925,0.0,0.0,0.0,0.016125,0.000125,0.0,0.0,Negligible,Negligible,Negligible,Negligible,Negligible,Negligible,False,False,False,none,none,none,False,False,False
ISLET_ENDOCRINE||Glucagon_Signaling_Signature,ISLET ENDOCRINE,0.007,-0.037,0.056,0.614875,0.0015,0.005,-0.059,0.073,0.5685,0.011125,-0.002,-0.074,0.074,0.484125,0.015625,0.0015,0.0,0.0,0.0,0.011125,0.000125,0.0,0.0,0.015625,0.000125,0.0,0.0,Negligible,Negligible,Negligible,Negligible,Negligible,Negligible,False,False,False,none,none,none,False,False,False
ISLET_ENDOCRINE||Glucolipotoxicity_Signature,ISLET ENDOCRINE,0.006,-0.038,0.055,0.60975,0.001125,0.006,-0.062,0.073,0.577875,0.010375,-0.0,-0.076,0.075,0.501375,0.0145,0.001125,0.0,0.0,0.0,0.010375,0.0,0.0,0.0,0.0145,0.0,0.0,0.0,Negligible,Negligible,Negligible,Negligible,Negligible,Negligible,False,False,False,none,none,none,False,False,False
ISLET_ENDOCRINE||Hormone_Transport_Signature,ISLET ENDOCRINE,0.004,-0.046,0.048,0.569875,0.00075,0.006,-0.059,0.073,0.583125,0.008875,0.003,-0.067,0.08,0.5255,0.011625,0.00075,0.0,0.0,0.0,0.008875,0.000125,0.0,0.0,0.011625,0.000125,0.0,0.0,Negligible,Negligible,Negligible,Negligible,Negligible,Negligible,False,False,False,none,none,none,False,False,False
ISLET_ENDOCRINE||Incretin_Response_Signature,ISLET ENDOCRINE,0.006,-0.041,0.053,0.597125,0.0015,0.005,-0.061,0.071,0.566875,0.007625,-0.001,-0.073,0.072,0.489,0.0115,0.0015,0.0,0.0,0.0,0.007625,0.00025,0.0,0.0,0.0115,0.000125,0.0,0.0,Negligible,Negligible,Negligible,Negligible,Negligible,Negligible,False,False,False,none,none,none,False,False,False
ISLET_ENDOCRINE||Inflammatory_Response_Signature,ISLET ENDOCRINE,0.004,-0.043,0.05,0.573625,0.002,0.004,-0.06,0.074,0.557125,0.009375,0.0,-0.075,0.077,0.5025,0.015,0.002,0.0,0.0,0.0,0.009375,0.000125,0.0,0.0,0.015,0.000375,0.0,0.0,Negligible,Negligible,Negligible,Negligible,Negligible,Negligible,False,False,False,none,none,none,False,False,False
ISLET_ENDOCRINE||Lipid_Metabolism_Signature,ISLET ENDOCRINE,0.006,-0.043,0.053,0.602625,0.00125,0.004,-0.061,0.073,0.567875,0.00875,-0.002,-0.075,0.072,0.488125,0.013375,0.00125,0.0,0.0,0.0,0.00875,0.0,0.0,0.0,0.013375,0.000125,0.0,0.0,Negligible,Negligible,Negligible,Negligible,Negligible,Negligible,False,False,False,none,none,none,False,False,False
ISLET_ENDOCRINE||Metabolic_Sensing_Signature,ISLET ENDOCRINE,0.004,-0.039,0.052,0.578625,0.001375,-0.002,-0.074,0.066,0.497625,0.014625,-0.006,-0.086,0.069,0.446125,0.0195,0.001375,0.0,0.0,0.0,0.014625,0.00025,0.0,0.0,0.0195,0.000125,0.0,0.0,Negligible,Negligible,Negligible,Negligible,Negligible,Negligible,False,False,False,none,none,none,False,False,False
ISLET_ENDOCRINE||Metabolic_Stress_Response_Signature,ISLET ENDOCRINE,-0.0,-0.049,0.049,0.5115,0.002,0.004,-0.065,0.071,0.5645,0.00975,0.005,-0.071,0.08,0.5425,0.015375,0.002,0.0,0.0,0.0,0.00975,0.0,0.0,0.0,0.015375,0.000125,0.0,0.0,Negligible,Negligible,Negligible,Negligible,Negligible,Negligible,False,False,False,none,none,none,False,False,False
ISLET_ENDOCRINE||Mitochondrial_Function_Signature,ISLET ENDOCRINE,0.003,-0.042,0.051,0.564,0.001375,0.01,-0.055,0.081,0.621375,0.015,0.007,-0.07,0.081,0.569875,0.0185,0.001375,0.0,0.0,0.0,0.015,0.000375,0.0,0.0,0.0185,0.0005,0.0,0.0,Negligible,Negligible,Negligible,Negligible,Negligible,Negligible,False,False,False,none,none,none,False,False,False
ISLET_ENDOCRINE||Oxidative_Stress_Defense_Signature,ISLET ENDOCRINE,0.007,-0.039,0.057,0.61975,0.001125,0.006,-0.064,0.073,0.575125,0.0105,-0.002,-0.074,0.073,0.477875,0.013,0.001125,0.0,0.0,0.0,0.0105,0.0,0.0,0.0,0.013,0.000125,0.0,0.0,Negligible,Negligible,Negligible,Negligible,Negligible,Negligible,False,False,False,none,none,none,False,False,False
ISLET_ENDOCRINE||Senescence_Signature,ISLET ENDOCRINE,0.006,-0.04,0.053,0.598125,0.001125,0.003,-0.066,0.069,0.544375,0.009625,-0.003,-0.075,0.076,0.463875,0.01625,0.001125,0.0,0.0,0.0,0.009625,0.0,0.0,0.0,0.01625,0.0,0.0,0.0,Negligible,Negligible,Negligible,Negligible,Negligible,Negligible,False,False,False,none,none,none,False,False,False
MAST||Degranulation_Program_Signature,MAST,0.159,0.029,0.286,0.99125,0.81975,0.008,-0.167,0.176,0.537,0.249125,-0.151,-0.331,0.035,0.055,0.71525,0.81975,0.269,0.014875,0.0,0.249125,0.0245,0.001,0.0,0.71525,0.298625,0.055125,0.000125,Negligible,Negligible,Negligible,Negligible,Negligible,Negligible,True,False,False,up,none,none,False,False,False
MAST||Lipid_Metabolism_Dysregulation_Signature,MAST,0.201,0.075,0.332,0.998375,0.941625,0.001,-0.17,0.173,0.505625,0.238375,-0.2,-0.386,-0.029,0.0145,0.865375,0.941625,0.504375,0.06925,0.0,0.238375,0.023625,0.001,0.0,0.865375,0.496,0.136125,0.000625,Negligible,Negligible,Negligible,Negligible,Negligible,Negligible,True,False,True,up,none,down,False,False,False
MYCAF||Angiogenesis_Support_Signature,MYCAF,-0.056,-0.181,0.065,0.18425,0.249875,-0.051,-0.22,0.119,0.277875,0.32275,0.005,-0.172,0.181,0.523875,0.26925,0.249875,0.01,0.000125,0.0,0.32275,0.045625,0.00275,0.0,0.26925,0.02575,0.001375,0.0,Negligible,Negligible,Negligible,Negligible,Negligible,Negligible,False,False,False,none,none,none,False,False,False
MYCAF||Notch_Signaling_Signature,MYCAF,-0.054,-0.179,0.07,0.193375,0.23475,-0.053,-0.216,0.122,0.271,0.330125,0.001,-0.172,0.184,0.503375,0.271125,0.23475,0.011625,0.0,0.0,0.330125,0.04725,0.004125,0.0,0.271125,0.03,0.0015,0.0,Negligible,Negligible,Negligible,Negligible,Negligible,Negligible,False,False,False,none,none,none,False,False,False
NEURAL||Neuropeptide_Signaling_Signature,NEURAL,0.005,-0.129,0.147,0.529625,0.1575,0.263,0.066,0.46,0.995375,0.94725,0.257,0.05,0.45,0.995,0.941375,0.1575,0.00525,0.000125,0.0,0.94725,0.729625,0.351,0.010125,0.941375,0.713375,0.339,0.010125,Negligible,Negligible,Weak,Negligible,Weak,Negligible,False,True,True,none,up,up,False,False,False
NORMAL_DUCTAL||Adipokine_Response_Signature,NORMAL DUCTAL,0.168,0.036,0.293,0.993375,0.8485,-0.087,-0.262,0.079,0.154,0.448125,-0.255,-0.435,-0.081,0.003125,0.959375,0.8485,0.319625,0.019875,0.0,0.448125,0.095,0.00825,0.0,0.959375,0.72975,0.303875,0.0035,Negligible,Negligible,Negligible,Negligible,Weak,Negligible,True,False,True,up,none,down,False,False,False
NORMAL_DUCTAL||Lipid_Metabolism_Signature,NORMAL DUCTAL,0.236,0.106,0.369,0.999875,0.98175,-0.064,-0.23,0.111,0.2215,0.369,-0.3,-0.484,-0.117,0.0005,0.9825,0.98175,0.698375,0.164125,0.000375,0.369,0.05925,0.0045,0.000125,0.9825,0.865,0.501625,0.016,Weak,Negligible,Negligible,Negligible,Moderate,Negligible,True,False,True,up,none,down,False,False,False
PERICYTES_SMC||Adipokine_Response_Signature,PERICYTES SMC,0.103,0.042,0.157,0.997375,0.561125,0.047,-0.028,0.118,0.91175,0.057375,-0.055,-0.147,0.025,0.087,0.129375,0.561125,0.001125,0.0,0.0,0.057375,0.000375,0.0,0.0,0.129375,0.002625,0.0,0.0,Negligible,Negligible,Negligible,Negligible,Negligible,Negligible,True,False,False,up,none,none,False,False,False
PERICYTES_SMC||Apoptosis_Regulation_Signature,PERICYTES SMC,0.115,0.063,0.179,0.99975,0.696625,0.056,-0.013,0.131,0.946,0.095625,-0.059,-0.146,0.024,0.072625,0.156125,0.696625,0.0105,0.000125,0.0,0.095625,0.0015,0.0,0.0,0.156125,0.003125,0.0,0.0,Negligible,Negligible,Negligible,Negligible,Negligible,Negligible,True,False,False,up,none,none,False,False,False
PERICYTES_SMC||Calcium_Signaling_Signature,PERICYTES SMC,0.108,0.052,0.165,0.9995,0.624875,0.055,-0.014,0.126,0.9495,0.0905,-0.053,-0.137,0.031,0.091875,0.113,0.624875,0.0035,0.0,0.0,0.0905,0.001,0.0,0.0,0.113,0.001,0.0,0.0,Negligible,Negligible,Negligible,Negligible,Negligible,Negligible,True,False,False,up,none,none,False,False,False
PERICYTES_SMC||Complement_Activation_Signature,PERICYTES SMC,0.112,0.057,0.171,0.999875,0.679625,0.05,-0.025,0.119,0.921875,0.066625,-0.063,-0.151,0.015,0.052375,0.166375,0.679625,0.007375,0.0,0.0,0.066625,0.000125,0.0,0.0,0.166375,0.00375,0.0,0.0,Negligible,Negligible,Negligible,Negligible,Negligible,Negligible,True,False,False,up,none,none,False,False,False
PERICYTES_SMC||DNA_Repair_Signature,PERICYTES SMC,0.111,0.055,0.168,0.999625,0.6565,0.056,-0.016,0.123,0.953,0.093125,-0.055,-0.138,0.026,0.085625,0.127875,0.6565,0.00625,0.0,0.0,0.093125,0.001125,0.0,0.0,0.127875,0.001375,0.0,0.0,Negligible,Negligible,Negligible,Negligible,Negligible,Negligible,True,False,False,up,none,none,False,False,False
PERICYTES_SMC||ECM_Production_Signature,PERICYTES SMC,0.11,0.054,0.167,0.99925,0.65025,0.053,-0.022,0.122,0.935125,0.085875,-0.057,-0.139,0.029,0.07975,0.135375,0.65025,0.00425,0.0,0.0,0.085875,0.0005,0.0,0.0,0.135375,0.002625,0.0,0.0,Negligible,Negligible,Negligible,Negligible,Negligible,Negligible,True,False,False,up,none,none,False,False,False
PERICYTES_SMC||ER_Stress_Response_Signature,PERICYTES SMC,0.114,0.057,0.173,0.999875,0.68775,0.058,-0.013,0.134,0.954375,0.107,-0.056,-0.141,0.028,0.08225,0.13475,0.68775,0.010125,0.0,0.0,0.107,0.00175,0.0,0.0,0.13475,0.002,0.0,0.0,Negligible,Negligible,Negligible,Negligible,Negligible,Negligible,True,False,False,up,none,none,False,False,False
PERICYTES_SMC||Fatty_Acid_Oxidation_Signature,PERICYTES SMC,0.116,0.059,0.178,0.99975,0.703,0.055,-0.011,0.13,0.94875,0.0945,-0.061,-0.148,0.026,0.070625,0.165,0.703,0.013125,0.00025,0.0,0.0945,0.000875,0.0,0.0,0.165,0.003,0.0,0.0,Negligible,Negligible,Negligible,Negligible,Negligible,Negligible,True,False,False,up,none,none,False,False,False
PERICYTES_SMC||Hedgehog_Signaling_Signature,PERICYTES SMC,0.096,0.032,0.149,0.993,0.478875,0.047,-0.024,0.124,0.91,0.057625,-0.049,-0.131,0.043,0.114375,0.1115,0.478875,0.00025,0.0,0.0,0.057625,0.0,0.0,0.0,0.1115,0.00225,0.0,0.0,Negligible,Negligible,Negligible,Negligible,Negligible,Negligible,True,False,False,up,none,none,False,False,False
PERICYTES_SMC||Inflammatory_Response_Signature,PERICYTES SMC,0.101,0.044,0.155,0.99675,0.536,0.052,-0.024,0.12,0.93325,0.07525,-0.048,-0.13,0.034,0.112875,0.09625,0.536,0.001,0.0,0.0,0.07525,0.000875,0.0,0.0,0.09625,0.001375,0.0,0.0,Negligible,Negligible,Negligible,Negligible,Negligible,Negligible,True,False,False,up,none,none,False,False,False
PERICYTES_SMC||Lipid_Metabolism_Signature,PERICYTES SMC,0.105,0.051,0.164,0.997125,0.5875,0.06,-0.013,0.133,0.963,0.11775,-0.045,-0.125,0.041,0.128125,0.07975,0.5875,0.002125,0.0,0.0,0.11775,0.002125,0.0,0.0,0.07975,0.000625,0.0,0.0,Negligible,Negligible,Negligible,Negligible,Negligible,Negligible,True,False,False,up,none,none,False,False,False
PERICYTES_SMC||MAPK_Signaling_Signature,PERICYTES SMC,0.101,0.042,0.157,0.996375,0.540375,0.06,-0.011,0.133,0.960875,0.118875,-0.041,-0.125,0.044,0.149125,0.07225,0.540375,0.001,0.0,0.0,0.118875,0.00175,0.0,0.0,0.07225,0.000375,0.0,0.0,Negligible,Negligible,Negligible,Negligible,Negligible,Negligible,True,False,False,up,none,none,False,False,False
PERICYTES_SMC||Metabolic_Dysfunction_Signature,PERICYTES SMC,0.106,0.05,0.162,0.998375,0.59225,0.047,-0.023,0.123,0.917875,0.058375,-0.058,-0.14,0.03,0.071625,0.1415,0.59225,0.002625,0.0,0.0,0.058375,0.0,0.0,0.0,0.1415,0.003625,0.0,0.0,Negligible,Negligible,Negligible,Negligible,Negligible,Negligible,True,False,False,up,none,none,False,False,False
PERICYTES_SMC||Mitochondrial_Function_Signature,PERICYTES SMC,0.108,0.053,0.166,0.998375,0.624625,0.058,-0.012,0.131,0.955875,0.10025,-0.05,-0.136,0.033,0.103625,0.1045,0.624625,0.004625,0.0,0.0,0.10025,0.001875,0.0,0.0,0.1045,0.001375,0.0,0.0,Negligible,Negligible,Negligible,Negligible,Negligible,Negligible,True,False,False,up,none,none,False,False,False
PERICYTES_SMC||Notch_Signaling_Signature,PERICYTES SMC,0.116,0.059,0.178,0.999875,0.703375,0.058,-0.014,0.133,0.951125,0.10275,-0.058,-0.143,0.031,0.078125,0.14725,0.703375,0.012625,0.000125,0.0,0.10275,0.001875,0.0,0.0,0.14725,0.001625,0.0,0.0,Negligible,Negligible,Negligible,Negligible,Negligible,Negligible,True,False,False,up,none,none,False,False,False
PERICYTES_SMC||Oxidative_Stress_Response_Signature,PERICYTES SMC,0.101,0.039,0.159,0.994875,0.54525,0.06,-0.004,0.139,0.96525,0.1155,-0.041,-0.121,0.049,0.14875,0.071375,0.54525,0.000875,0.0,0.0,0.1155,0.00225,0.0,0.0,0.071375,0.00025,0.0,0.0,Negligible,Negligible,Negligible,Negligible,Negligible,Negligible,True,False,False,up,none,none,False,False,False
PERICYTES_SMC||Pericyte_Identity_Signature,PERICYTES SMC,0.103,0.043,0.157,0.9975,0.5755,0.053,-0.021,0.12,0.938125,0.0805,-0.051,-0.13,0.032,0.1035,0.10225,0.5755,0.001,0.0,0.0,0.0805,0.00075,0.0,0.0,0.10225,0.001125,0.0,0.0,Negligible,Negligible,Negligible,Negligible,Negligible,Negligible,True,False,False,up,none,none,False,False,False
PERICYTES_SMC||Smooth_Muscle_Contractility_Signature,PERICYTES SMC,0.105,0.05,0.163,0.998375,0.592375,0.049,-0.025,0.118,0.91925,0.062375,-0.057,-0.143,0.025,0.07875,0.135125,0.592375,0.002375,0.0,0.0,0.062375,0.000375,0.0,0.0,0.135125,0.0025,0.0,0.0,Negligible,Negligible,Negligible,Negligible,Negligible,Negligible,True,False,False,up,none,none,False,False,False
PERICYTES_SMC||Type_I_Interferon_Response_Signature,PERICYTES SMC,0.096,0.029,0.152,0.9885,0.481375,0.048,-0.025,0.122,0.91525,0.065375,-0.047,-0.139,0.037,0.122625,0.09825,0.481375,0.000125,0.0,0.0,0.065375,0.000125,0.0,0.0,0.09825,0.0015,0.0,0.0,Negligible,Negligible,Negligible,Negligible,Negligible,Negligible,True,False,False,up,none,none,False,False,False
PERICYTES_SMC||Wnt_Signaling_Signature,PERICYTES SMC,0.105,0.049,0.161,0.999125,0.585125,0.046,-0.028,0.116,0.899875,0.051125,-0.059,-0.145,0.02,0.0655,0.145,0.585125,0.002,0.0,0.0,0.051125,0.0,0.0,0.0,0.145,0.00275,0.0,0.0,Negligible,Negligible,Negligible,Negligible,Negligible,Negligible,True,False,False,up,none,none,False,False,False
SCHWANN||Adipokine_Signaling_Signature,SCHWANN,0.038,-0.009,0.081,0.957875,0.007375,0.025,-0.045,0.091,0.797875,0.015,-0.013,-0.088,0.06,0.356875,0.019,0.007375,0.0,0.0,0.0,0.015,0.0,0.0,0.0,0.019,0.0,0.0,0.0,Negligible,Negligible,Negligible,Negligible,Negligible,Negligible,False,False,False,none,none,none,False,False,False
SCHWANN||Autophagy_Regulation_Signature,SCHWANN,0.035,-0.011,0.082,0.938,0.00425,0.027,-0.043,0.089,0.81825,0.01625,-0.008,-0.088,0.062,0.40325,0.014875,0.00425,0.0,0.0,0.0,0.01625,0.000125,0.0,0.0,0.014875,0.000375,0.0,0.0,Negligible,Negligible,Negligible,Negligible,Negligible,Negligible,False,False,False,none,none,none,False,False,False
SCHWANN||Axonal_Support_Signature,SCHWANN,0.036,-0.007,0.084,0.948875,0.005125,0.031,-0.035,0.096,0.85625,0.023125,-0.005,-0.08,0.067,0.43625,0.013125,0.005125,0.0,0.0,0.0,0.023125,0.00025,0.0,0.0,0.013125,0.000125,0.0,0.0,Negligible,Negligible,Negligible,Negligible,Negligible,Negligible,False,False,False,none,none,none,False,False,False
SCHWANN||Calcium_Signaling_Signature,SCHWANN,0.037,-0.007,0.082,0.953375,0.00625,0.037,-0.024,0.111,0.887375,0.03825,-0.001,-0.072,0.075,0.466375,0.01575,0.00625,0.0,0.0,0.0,0.03825,0.000625,0.0,0.0,0.01575,0.00025,0.0,0.0,Negligible,Negligible,Negligible,Negligible,Negligible,Negligible,False,False,False,none,none,none,False,False,False
SCHWANN||Cell_Cycle_Control_Signature,SCHWANN,0.039,-0.006,0.083,0.961875,0.007875,0.025,-0.043,0.093,0.808875,0.01775,-0.014,-0.092,0.057,0.34825,0.021875,0.007875,0.0,0.0,0.0,0.01775,0.000125,0.0,0.0,0.021875,0.0,0.0,0.0,Negligible,Negligible,Negligible,Negligible,Negligible,Negligible,False,False,False,none,none,none,False,False,False
SCHWANN||Cholesterol_Synthesis_Signature,SCHWANN,0.036,-0.008,0.084,0.94475,0.0045,0.028,-0.041,0.092,0.825,0.01825,-0.008,-0.079,0.073,0.4085,0.017625,0.0045,0.0,0.0,0.0,0.01825,0.0,0.0,0.0,0.017625,0.000125,0.0,0.0,Negligible,Negligible,Negligible,Negligible,Negligible,Negligible,False,False,False,none,none,none,False,False,False
SCHWANN||Dedifferentiation_Signature,SCHWANN,0.037,-0.006,0.084,0.95425,0.006,0.033,-0.035,0.097,0.864,0.026625,-0.005,-0.08,0.068,0.43,0.01375,0.006,0.0,0.0,0.0,0.026625,0.000125,0.0,0.0,0.01375,0.0,0.0,0.0,Negligible,Negligible,Negligible,Negligible,Negligible,Negligible,False,False,False,none,none,none,False,False,False
SCHWANN||ECM_Production_Signature,SCHWANN,0.035,-0.011,0.079,0.941375,0.005125,0.03,-0.036,0.09,0.841375,0.017375,-0.006,-0.077,0.069,0.426625,0.01325,0.005125,0.0,0.0,0.0,0.017375,0.0,0.0,0.0,0.01325,0.0,0.0,0.0,Negligible,Negligible,Negligible,Negligible,Negligible,Negligible,False,False,False,none,none,none,False,False,False
SCHWANN||ER_Stress_Response_Signature,SCHWANN,0.036,-0.011,0.079,0.94775,0.00575,0.026,-0.042,0.091,0.811125,0.014875,-0.01,-0.086,0.066,0.3905,0.018875,0.00575,0.0,0.0,0.0,0.014875,0.0,0.0,0.0,0.018875,0.0,0.0,0.0,Negligible,Negligible,Negligible,Negligible,Negligible,Negligible,False,False,False,none,none,none,False,False,False
SCHWANN||Gap_Junction_Formation_Signature,SCHWANN,0.037,-0.008,0.079,0.954,0.005,0.029,-0.035,0.098,0.83325,0.01775,-0.008,-0.083,0.062,0.403375,0.013125,0.005,0.0,0.0,0.0,0.01775,0.000125,0.0,0.0,0.013125,0.000125,0.0,0.0,Negligible,Negligible,Negligible,Negligible,Negligible,Negligible,False,False,False,none,none,none,False,False,False
SCHWANN||Growth_Factor_Signaling_Signature,SCHWANN,0.038,-0.008,0.081,0.957,0.0065,0.032,-0.03,0.097,0.86275,0.022,-0.006,-0.077,0.065,0.416375,0.01075,0.0065,0.0,0.0,0.0,0.022,0.000125,0.0,0.0,0.01075,0.0,0.0,0.0,Negligible,Negligible,Negligible,Negligible,Negligible,Negligible,False,False,False,none,none,none,False,False,False
SCHWANN||Immune_Modulation_Signature,SCHWANN,0.037,-0.008,0.082,0.951125,0.004375,0.032,-0.032,0.097,0.863625,0.025,-0.005,-0.076,0.07,0.4365,0.014625,0.004375,0.0,0.0,0.0,0.025,0.0,0.0,0.0,0.014625,0.0,0.0,0.0,Negligible,Negligible,Negligible,Negligible,Negligible,Negligible,False,False,False,none,none,none,False,False,False
SCHWANN||Inflammatory_Response_Signature,SCHWANN,0.043,0.0,0.091,0.97725,0.015625,0.027,-0.041,0.09,0.826125,0.01675,-0.016,-0.095,0.053,0.332125,0.019375,0.015625,0.0,0.0,0.0,0.01675,0.0,0.0,0.0,0.019375,0.00025,0.0,0.0,Negligible,Negligible,Negligible,Negligible,Negligible,Negligible,False,False,False,none,none,none,False,False,False
SCHWANN||JAK_STAT_Signaling_Signature,SCHWANN,0.038,-0.007,0.081,0.95775,0.005875,0.034,-0.03,0.099,0.870125,0.028125,-0.004,-0.074,0.067,0.43575,0.012125,0.005875,0.0,0.0,0.0,0.028125,0.000125,0.0,0.0,0.012125,0.0,0.0,0.0,Negligible,Negligible,Negligible,Negligible,Negligible,Negligible,False,False,False,none,none,none,False,False,False
SCHWANN||Lipid_Metabolism_Signature,SCHWANN,0.046,0.002,0.101,0.985125,0.033875,0.028,-0.045,0.09,0.8315,0.01875,-0.018,-0.103,0.053,0.309875,0.02975,0.033875,0.000125,0.0,0.0,0.01875,0.000125,0.0,0.0,0.02975,0.00025,0.0,0.0,Negligible,Negligible,Negligible,Negligible,Negligible,Negligible,True,False,False,up,none,none,False,False,False
SCHWANN||Metabolic_Support_Signature,SCHWANN,0.043,-0.0,0.093,0.977375,0.0185,0.027,-0.04,0.093,0.82425,0.015,-0.016,-0.096,0.054,0.328,0.021625,0.0185,0.0,0.0,0.0,0.015,0.00025,0.0,0.0,0.021625,0.00025,0.0,0.0,Negligible,Negligible,Negligible,Negligible,Negligible,Negligible,False,False,False,none,none,none,False,False,False
SCHWANN||Mitochondrial_Function_Signature,SCHWANN,0.036,-0.008,0.083,0.946125,0.006125,0.041,-0.025,0.115,0.905625,0.0585,0.005,-0.069,0.087,0.5255,0.020625,0.006125,0.0,0.0,0.0,0.0585,0.00125,0.000125,0.0,0.020625,0.0005,0.0,0.0,Negligible,Negligible,Negligible,Negligible,Negligible,Negligible,False,False,False,none,none,none,False,False,False
SCHWANN||Myelination_Dysfunction_Signature,SCHWANN,0.039,-0.004,0.082,0.962625,0.00675,0.027,-0.043,0.093,0.823,0.017625,-0.011,-0.085,0.062,0.36825,0.017625,0.00675,0.0,0.0,0.0,0.017625,0.0,0.0,0.0,0.017625,0.0,0.0,0.0,Negligible,Negligible,Negligible,Negligible,Negligible,Negligible,False,False,False,none,none,none,False,False,False
SCHWANN||Myelination_Program_Signature,SCHWANN,0.036,-0.008,0.084,0.949625,0.00525,0.029,-0.037,0.096,0.8365,0.019875,-0.007,-0.079,0.069,0.41375,0.014125,0.00525,0.0,0.0,0.0,0.019875,0.000375,0.0,0.0,0.014125,0.00025,0.0,0.0,Negligible,Negligible,Negligible,Negligible,Negligible,Negligible,False,False,False,none,none,none,False,False,False
SCHWANN||Notch_Signaling_Signature,SCHWANN,0.037,-0.006,0.085,0.953625,0.00575,0.033,-0.033,0.099,0.862125,0.02575,-0.004,-0.076,0.069,0.439,0.013,0.00575,0.0,0.0,0.0,0.02575,0.00025,0.0,0.0,0.013,0.0,0.0,0.0,Negligible,Negligible,Negligible,Negligible,Negligible,Negligible,False,False,False,none,none,none,False,False,False
SCHWANN||Oxidative_Stress_Response_Signature,SCHWANN,0.039,-0.004,0.085,0.96425,0.008125,0.033,-0.03,0.102,0.8605,0.026875,-0.006,-0.078,0.066,0.42425,0.014,0.008125,0.0,0.0,0.0,0.026875,0.000125,0.0,0.0,0.014,0.000125,0.0,0.0,Negligible,Negligible,Negligible,Negligible,Negligible,Negligible,False,False,False,none,none,none,False,False,False
SCHWANN||Phagocytosis_Signature,SCHWANN,0.039,-0.003,0.088,0.96425,0.01025,0.042,-0.027,0.115,0.9165,0.060875,0.003,-0.072,0.085,0.505,0.0205,0.01025,0.0,0.0,0.0,0.060875,0.002,0.0,0.0,0.0205,0.00075,0.0,0.0,Negligible,Negligible,Negligible,Negligible,Negligible,Negligible,False,False,False,none,none,none,False,False,False
SCHWANN||Pro_Migratory_Signature,SCHWANN,0.038,-0.007,0.081,0.9575,0.005625,0.033,-0.029,0.101,0.868625,0.02625,-0.005,-0.078,0.068,0.43875,0.01475,0.005625,0.0,0.0,0.0,0.02625,0.000375,0.0,0.0,0.01475,0.0,0.0,0.0,Negligible,Negligible,Negligible,Negligible,Negligible,Negligible,False,False,False,none,none,none,False,False,False
SCHWANN||Remyelination_Signature,SCHWANN,0.038,-0.004,0.084,0.961625,0.006375,0.029,-0.036,0.092,0.8355,0.0155,-0.01,-0.085,0.06,0.3815,0.01375,0.006375,0.0,0.0,0.0,0.0155,0.0,0.0,0.0,0.01375,0.0,0.0,0.0,Negligible,Negligible,Negligible,Negligible,Negligible,Negligible,False,False,False,none,none,none,False,False,False
SCHWANN||Tissue_Repair_Signature,SCHWANN,0.041,-0.003,0.086,0.970625,0.01,0.03,-0.037,0.094,0.841,0.0185,-0.011,-0.086,0.061,0.37675,0.01675,0.01,0.0,0.0,0.0,0.0185,0.000125,0.0,0.0,0.01675,0.0,0.0,0.0,Negligible,Negligible,Negligible,Negligible,Negligible,Negligible,False,False,False,none,none,none,False,False,False
STELLATE||Chemokine_Network_Signature,STELLATE,-0.105,-0.221,0.018,0.0445,0.541875,-0.068,-0.2,0.064,0.1365,0.29375,0.037,-0.126,0.183,0.687375,0.246,0.541875,0.052625,0.000875,0.0,0.29375,0.032,0.00175,0.0,0.246,0.02075,0.000625,0.0,Negligible,Negligible,Negligible,Negligible,Negligible,Negligible,False,False,False,none,none,none,False,False,False
STELLATE||Fibrogenesis_Program_Signature,STELLATE,-0.132,-0.259,-0.02,0.016875,0.707125,-0.058,-0.19,0.072,0.176125,0.255625,0.074,-0.086,0.224,0.83475,0.377125,0.707125,0.124875,0.00425,0.0,0.255625,0.01975,0.00125,0.0,0.377125,0.053625,0.002875,0.0,Negligible,Negligible,Negligible,Negligible,Negligible,Negligible,True,False,False,down,none,none,False,False,False
STELLATE||Inflammatory_Activation_Signature,STELLATE,-0.202,-0.336,-0.072,0.0005,0.940625,-0.052,-0.184,0.073,0.196125,0.2315,0.15,-0.013,0.308,0.969125,0.728375,0.940625,0.499,0.08425,0.0,0.2315,0.01425,0.00025,0.0,0.728375,0.26825,0.036625,0.0,Negligible,Negligible,Negligible,Negligible,Negligible,Negligible,True,False,False,down,none,none,False,False,False
STELLATE||Oxidative_Stress_Response_Signature,STELLATE,-0.003,-0.146,0.146,0.477875,0.200625,-0.054,-0.183,0.076,0.191375,0.242875,-0.051,-0.215,0.123,0.289875,0.331375,0.200625,0.0045,0.000375,0.0,0.242875,0.01725,0.000625,0.0,0.331375,0.046625,0.002375,0.0,Negligible,Negligible,Negligible,Negligible,Negligible,Negligible,False,False,False,none,none,none,False,False,False
STELLATE||Wnt_Beta_Catenin_Signaling_Signature,STELLATE,-0.15,-0.267,-0.034,0.006625,0.796,-0.042,-0.167,0.094,0.235125,0.199875,0.108,-0.042,0.269,0.922125,0.52875,0.796,0.1995,0.00875,0.0,0.199875,0.008125,0.00025,0.0,0.52875,0.12025,0.012,0.0,Negligible,Negligible,Negligible,Negligible,Negligible,Negligible,True,False,False,down,none,none,False,False,False
TUMOR_CLASSICAL||Adipokine_Response_Signature,TUMOR CLASSICAL,0.047,-0.001,0.102,0.9745,0.030875,0.053,-0.022,0.12,0.92625,0.061125,0.006,-0.085,0.079,0.606625,0.02175,0.030875,0.00025,0.0,0.0,0.061125,0.000125,0.0,0.0,0.02175,0.000125,0.0,0.0,Negligible,Negligible,Negligible,Negligible,Negligible,Negligible,False,False,False,none,none,none,False,False,False
TUMOR_CLASSICAL||Angiogenesis_Induction_Signature,TUMOR CLASSICAL,0.041,-0.013,0.089,0.94725,0.014,0.06,-0.011,0.128,0.95825,0.09675,0.019,-0.062,0.096,0.708125,0.0275,0.014,0.0,0.0,0.0,0.09675,0.0005,0.0,0.0,0.0275,0.00025,0.0,0.0,Negligible,Negligible,Negligible,Negligible,Negligible,Negligible,False,False,False,none,none,none,False,False,False
TUMOR_CLASSICAL||Apoptosis_Resistance_Signature,TUMOR CLASSICAL,0.042,-0.008,0.093,0.956625,0.014375,0.054,-0.022,0.124,0.931625,0.068875,0.011,-0.075,0.088,0.645625,0.020625,0.014375,0.0,0.0,0.0,0.068875,0.0,0.0,0.0,0.020625,0.00025,0.0,0.0,Negligible,Negligible,Negligible,Negligible,Negligible,Negligible,False,False,False,none,none,none,False,False,False
TUMOR_CLASSICAL||Autophagy_Dependence_Signature,TUMOR CLASSICAL,0.049,-0.001,0.101,0.983625,0.0385,0.069,0.001,0.148,0.980125,0.15275,0.021,-0.066,0.101,0.7175,0.036875,0.0385,0.000125,0.0,0.0,0.15275,0.00375,0.0,0.0,0.036875,0.000375,0.0,0.0,Negligible,Negligible,Negligible,Negligible,Negligible,Negligible,False,True,False,none,up,none,False,False,False
TUMOR_CLASSICAL||Cell_Cycle_Dysregulation_Signature,TUMOR CLASSICAL,0.039,-0.011,0.088,0.942,0.01075,0.069,0.001,0.143,0.98125,0.151375,0.03,-0.044,0.117,0.793625,0.049125,0.01075,0.0,0.0,0.0,0.151375,0.003,0.0,0.0,0.049125,0.00025,0.0,0.0,Negligible,Negligible,Negligible,Negligible,Negligible,Negligible,False,True,False,none,up,none,False,False,False
TUMOR_CLASSICAL||Chemokine_Production_Signature,TUMOR CLASSICAL,0.038,-0.016,0.084,0.9365,0.00675,0.059,-0.015,0.125,0.954,0.09225,0.022,-0.06,0.1,0.729,0.03025,0.00675,0.0,0.0,0.0,0.09225,0.00075,0.0,0.0,0.03025,0.000375,0.0,0.0,Negligible,Negligible,Negligible,Negligible,Negligible,Negligible,False,False,False,none,none,none,False,False,False
TUMOR_CLASSICAL||Classical_Identity_Signature,TUMOR CLASSICAL,0.041,-0.01,0.091,0.954875,0.015,0.063,-0.009,0.131,0.964,0.1145,0.021,-0.056,0.101,0.731,0.028125,0.015,0.0,0.0,0.0,0.1145,0.0015,0.0,0.0,0.028125,0.000375,0.0,0.0,Negligible,Negligible,Negligible,Negligible,Negligible,Negligible,False,False,False,none,none,none,False,False,False
TUMOR_CLASSICAL||Complement_Activation_Signature,TUMOR CLASSICAL,0.048,0.001,0.103,0.98175,0.035625,0.051,-0.027,0.119,0.915125,0.05475,0.002,-0.087,0.078,0.57725,0.024375,0.035625,0.00025,0.0,0.0,0.05475,0.0,0.0,0.0,0.024375,0.000375,0.0,0.0,Negligible,Negligible,Negligible,Negligible,Negligible,Negligible,True,False,False,up,none,none,False,False,False
TUMOR_CLASSICAL||DNA_Damage_Tolerance_Signature,TUMOR CLASSICAL,0.057,0.007,0.119,0.9935,0.084625,0.043,-0.041,0.118,0.8755,0.045125,-0.013,-0.116,0.066,0.439625,0.0555,0.084625,0.001625,0.0,0.0,0.045125,0.00025,0.0,0.0,0.0555,0.00325,0.000125,0.0,Negligible,Negligible,Negligible,Negligible,Negligible,Negligible,True,False,False,up,none,none,False,False,False
TUMOR_CLASSICAL||DNA_Repair_Signature,TUMOR CLASSICAL,0.048,0.002,0.105,0.98075,0.03525,0.052,-0.025,0.12,0.922125,0.064625,0.003,-0.083,0.08,0.577,0.0245,0.03525,0.0,0.0,0.0,0.064625,0.000125,0.0,0.0,0.0245,0.000375,0.0,0.0,Negligible,Negligible,Negligible,Negligible,Negligible,Negligible,True,False,False,up,none,none,False,False,False
TUMOR_CLASSICAL||ECM_Remodeling_Signature,TUMOR CLASSICAL,0.041,-0.009,0.092,0.95375,0.0145,0.061,-0.013,0.126,0.963,0.096375,0.019,-0.06,0.099,0.7105,0.029125,0.0145,0.000125,0.0,0.0,0.096375,0.000375,0.0,0.0,0.029125,0.00025,0.0,0.0,Negligible,Negligible,Negligible,Negligible,Negligible,Negligible,False,False,False,none,none,none,False,False,False
TUMOR_CLASSICAL||ER_Stress_Response_Signature,TUMOR CLASSICAL,0.038,-0.016,0.086,0.933875,0.007375,0.069,0.003,0.143,0.9805,0.155875,0.031,-0.043,0.12,0.79975,0.05675,0.007375,0.0,0.0,0.0,0.155875,0.002625,0.0,0.0,0.05675,0.000875,0.0,0.0,Negligible,Negligible,Negligible,Negligible,Negligible,Negligible,False,True,False,none,up,none,False,False,False
TUMOR_CLASSICAL||Fatty_Acid_Oxidation_Signature,TUMOR CLASSICAL,0.051,0.008,0.112,0.987,0.048625,0.059,-0.01,0.128,0.953875,0.092,0.008,-0.076,0.085,0.6125,0.019875,0.048625,0.000125,0.0,0.0,0.092,0.00025,0.0,0.0,0.019875,0.000125,0.0,0.0,Negligible,Negligible,Negligible,Negligible,Negligible,Negligible,True,False,False,up,none,none,False,False,False
TUMOR_CLASSICAL||Gemcitabine_Resistance_Signature,TUMOR CLASSICAL,0.038,-0.013,0.086,0.936875,0.006875,0.069,0.004,0.142,0.98375,0.149625,0.031,-0.042,0.116,0.8025,0.050125,0.006875,0.0,0.0,0.0,0.149625,0.0035,0.0,0.0,0.050125,0.001,0.000125,0.0,Negligible,Negligible,Negligible,Negligible,Negligible,Negligible,False,True,False,none,up,none,False,False,False
TUMOR_CLASSICAL||Glycolysis_Signature,TUMOR CLASSICAL,0.039,-0.013,0.087,0.941375,0.011,0.072,0.004,0.15,0.98375,0.175625,0.033,-0.04,0.123,0.8135,0.060125,0.011,0.0,0.0,0.0,0.175625,0.004125,0.000125,0.0,0.060125,0.0015,0.0,0.0,Negligible,Negligible,Negligible,Negligible,Negligible,Negligible,False,True,False,none,up,none,False,False,False
TUMOR_CLASSICAL||Hedgehog_Signaling_Signature,TUMOR CLASSICAL,0.042,-0.005,0.094,0.959125,0.014375,0.062,-0.013,0.128,0.96325,0.108625,0.021,-0.059,0.103,0.720125,0.032375,0.014375,0.0,0.0,0.0,0.108625,0.001875,0.0,0.0,0.032375,0.00075,0.0,0.0,Negligible,Negligible,Negligible,Negligible,Negligible,Negligible,False,False,False,none,none,none,False,False,False
TUMOR_CLASSICAL||Hypoxia_Tolerance_Signature,TUMOR CLASSICAL,0.037,-0.014,0.087,0.928625,0.007625,0.064,-0.008,0.133,0.96525,0.12375,0.027,-0.048,0.115,0.7685,0.043375,0.007625,0.000125,0.0,0.0,0.12375,0.000875,0.0,0.0,0.043375,0.0005,0.0,0.0,Negligible,Negligible,Negligible,Negligible,Negligible,Negligible,False,False,False,none,none,none,False,False,False
TUMOR_CLASSICAL||Inflammatory_Response_Signature,TUMOR CLASSICAL,0.037,-0.014,0.087,0.929625,0.007375,0.062,-0.012,0.124,0.964125,0.106,0.025,-0.053,0.109,0.761375,0.037875,0.007375,0.0,0.0,0.0,0.106,0.000625,0.0,0.0,0.037875,0.000375,0.0,0.0,Negligible,Negligible,Negligible,Negligible,Negligible,Negligible,False,False,False,none,none,none,False,False,False
TUMOR_CLASSICAL||Insulin_Resistance_Signaling,TUMOR CLASSICAL,0.04,-0.009,0.089,0.952625,0.00975,0.063,-0.005,0.133,0.969875,0.11825,0.023,-0.056,0.103,0.746,0.035625,0.00975,0.0,0.0,0.0,0.11825,0.00075,0.0,0.0,0.035625,0.000375,0.0,0.0,Negligible,Negligible,Negligible,Negligible,Negligible,Negligible,False,False,False,none,none,none,False,False,False
TUMOR_CLASSICAL||JAK_STAT_Signaling_Signature,TUMOR CLASSICAL,0.046,-0.008,0.095,0.970875,0.0285,0.068,0.004,0.142,0.981875,0.1435,0.023,-0.061,0.1,0.738875,0.033875,0.0285,0.000125,0.0,0.0,0.1435,0.00325,0.0,0.0,0.033875,0.000375,0.0,0.0,Negligible,Negligible,Negligible,Negligible,Negligible,Negligible,False,True,False,none,up,none,False,False,False
TUMOR_CLASSICAL||KRAS_Signaling_Signature,TUMOR CLASSICAL,0.044,-0.005,0.096,0.962125,0.01925,0.074,0.004,0.151,0.98625,0.18125,0.03,-0.05,0.117,0.789375,0.057125,0.01925,0.0,0.0,0.0,0.18125,0.006625,0.0,0.0,0.057125,0.001,0.0,0.0,Negligible,Negligible,Negligible,Negligible,Negligible,Negligible,False,True,False,none,up,none,False,False,False
TUMOR_CLASSICAL||Lipid_Metabolism_Signature,TUMOR CLASSICAL,0.051,0.002,0.106,0.985875,0.04375,0.06,-0.017,0.125,0.955875,0.09625,0.009,-0.074,0.086,0.625,0.021375,0.04375,0.0,0.0,0.0,0.09625,0.001125,0.0,0.0,0.021375,0.0,0.0,0.0,Negligible,Negligible,Negligible,Negligible,Negligible,Negligible,True,False,False,up,none,none,False,False,False
TUMOR_CLASSICAL||MAPK_Signaling_Signature,TUMOR CLASSICAL,0.039,-0.016,0.087,0.9395,0.0115,0.07,0.007,0.147,0.983375,0.16275,0.031,-0.046,0.115,0.805375,0.052875,0.0115,0.0,0.0,0.0,0.16275,0.005375,0.00025,0.0,0.052875,0.001625,0.0,0.0,Negligible,Negligible,Negligible,Negligible,Negligible,Negligible,False,True,False,none,up,none,False,False,False
TUMOR_CLASSICAL||Mitochondrial_Function_Signature,TUMOR CLASSICAL,0.045,-0.001,0.1,0.969875,0.023125,0.068,-0.0,0.142,0.9765,0.14475,0.023,-0.056,0.106,0.749875,0.036125,0.023125,0.0,0.0,0.0,0.14475,0.002,0.000125,0.0,0.036125,0.000125,0.0,0.0,Negligible,Negligible,Negligible,Negligible,Negligible,Negligible,False,False,False,none,none,none,False,False,False
TUMOR_CLASSICAL||NF_kB_Signaling_Signature,TUMOR CLASSICAL,0.028,-0.036,0.079,0.852,0.002875,0.074,0.006,0.152,0.98675,0.1875,0.046,-0.033,0.14,0.87725,0.11075,0.002875,0.0,0.0,0.0,0.1875,0.0065,0.00025,0.0,0.11075,0.003,0.0,0.0,Negligible,Negligible,Negligible,Negligible,Negligible,Negligible,False,True,False,none,up,none,False,False,False
TUMOR_CLASSICAL||Notch_Signaling_Signature,TUMOR CLASSICAL,0.038,-0.013,0.087,0.9395,0.007,0.06,-0.014,0.128,0.951375,0.098375,0.021,-0.061,0.1,0.729375,0.030125,0.007,0.0,0.0,0.0,0.098375,0.0005,0.0,0.0,0.030125,0.0,0.0,0.0,Negligible,Negligible,Negligible,Negligible,Negligible,Negligible,False,False,False,none,none,none,False,False,False
TUMOR_CLASSICAL||Oxidative_Stress_Response_Signature,TUMOR CLASSICAL,0.046,0.0,0.102,0.974875,0.028625,0.059,-0.015,0.124,0.950625,0.09625,0.013,-0.073,0.087,0.655875,0.020625,0.028625,0.0,0.0,0.0,0.09625,0.0005,0.0,0.0,0.020625,0.00025,0.0,0.0,Negligible,Negligible,Negligible,Negligible,Negligible,Negligible,False,False,False,none,none,none,False,False,False
TUMOR_CLASSICAL||PI3K_AKT_Activation_Signature,TUMOR CLASSICAL,0.044,-0.002,0.097,0.96375,0.015875,0.063,-0.004,0.133,0.96875,0.110625,0.019,-0.065,0.092,0.71325,0.028,0.015875,0.000125,0.0,0.0,0.110625,0.0015,0.000125,0.0,0.028,0.00025,0.0,0.0,Negligible,Negligible,Negligible,Negligible,Negligible,Negligible,False,False,False,none,none,none,False,False,False
TUMOR_CLASSICAL||Senescence_Signature,TUMOR CLASSICAL,0.034,-0.019,0.083,0.91125,0.004125,0.07,-0.001,0.141,0.98075,0.16275,0.035,-0.046,0.116,0.828625,0.06525,0.004125,0.0,0.0,0.0,0.16275,0.004375,0.000125,0.0,0.06525,0.00175,0.0,0.0,Negligible,Negligible,Negligible,Negligible,Negligible,Negligible,False,False,False,none,none,none,False,False,False
TUMOR_CLASSICAL||TGF_Beta_Signaling_Signature,TUMOR CLASSICAL,0.039,-0.015,0.084,0.94425,0.009,0.058,-0.009,0.128,0.953125,0.083625,0.019,-0.059,0.102,0.71225,0.028,0.009,0.0,0.0,0.0,0.083625,0.000625,0.0,0.0,0.028,0.0,0.0,0.0,Negligible,Negligible,Negligible,Negligible,Negligible,Negligible,False,False,False,none,none,none,False,False,False
TUMOR_CLASSICAL||Wnt_Signaling_Signature,TUMOR CLASSICAL,0.041,-0.01,0.092,0.952,0.015625,0.058,-0.012,0.129,0.9495,0.093125,0.017,-0.062,0.1,0.689,0.0255,0.015625,0.0,0.0,0.0,0.093125,0.00075,0.0,0.0,0.0255,0.00025,0.0,0.0,Negligible,Negligible,Negligible,Negligible,Negligible,Negligible,False,False,False,none,none,none,False,False,False
TUMOR_CLASSICAL||p53_Pathway_Signature,TUMOR CLASSICAL,0.04,-0.01,0.09,0.95,0.012125,0.068,0.006,0.144,0.980875,0.145375,0.028,-0.05,0.106,0.7875,0.039375,0.012125,0.0,0.0,0.0,0.145375,0.00225,0.0,0.0,0.039375,0.000375,0.0,0.0,Negligible,Negligible,Negligible,Negligible,Negligible,Negligible,False,True,False,none,up,none,False,False,False
TUMOR_EPITHELIAL||Adipokine_Signaling_Signature,TUMOR EPITHELIAL,0.16,0.037,0.282,0.993875,0.83475,-0.075,-0.21,0.063,0.119625,0.362,-0.235,-0.391,-0.074,0.003125,0.952125,0.83475,0.253,0.01525,0.0,0.362,0.031875,0.0015,0.0,0.952125,0.677875,0.209625,0.001,Negligible,Negligible,Negligible,Negligible,Weak,Negligible,True,False,True,up,none,down,False,False,False
TUMOR_EPITHELIAL||Angiogenesis_Induction_Signature,TUMOR EPITHELIAL,0.185,0.056,0.304,0.999125,0.916,-0.051,-0.181,0.1,0.2195,0.2725,-0.236,-0.404,-0.077,0.004,0.94675,0.916,0.395625,0.03925,0.0,0.2725,0.011875,0.0,0.0,0.94675,0.676,0.218,0.000375,Negligible,Negligible,Negligible,Negligible,Weak,Negligible,True,False,True,up,none,down,False,False,False
TUMOR_EPITHELIAL||Chemokine_Production_Signature,TUMOR EPITHELIAL,0.025,-0.108,0.157,0.64475,0.17175,-0.07,-0.198,0.063,0.130125,0.329375,-0.095,-0.247,0.079,0.129,0.4935,0.17175,0.004,0.0,0.0,0.329375,0.020625,0.000875,0.0,0.4935,0.103875,0.007125,0.0,Negligible,Negligible,Negligible,Negligible,Negligible,Negligible,False,False,False,none,none,none,False,False,False
TUMOR_EPITHELIAL||Complement_Activation_Signature,TUMOR EPITHELIAL,0.132,0.012,0.256,0.982,0.69525,-0.117,-0.277,0.007,0.02975,0.559125,-0.249,-0.416,-0.095,0.00075,0.97075,0.69525,0.137625,0.004,0.0,0.559125,0.129875,0.015,0.0,0.97075,0.72,0.265,0.002,Negligible,Negligible,Negligible,Negligible,Weak,Negligible,True,False,True,up,none,down,False,False,False
TUMOR_EPITHELIAL||Dedifferentiation_Signature,TUMOR EPITHELIAL,0.21,0.09,0.334,0.999625,0.9645,-0.067,-0.196,0.075,0.143375,0.31825,-0.278,-0.445,-0.126,0.00075,0.98325,0.9645,0.5565,0.085625,0.000125,0.31825,0.021875,0.0005,0.0,0.98325,0.83675,0.388125,0.003,Negligible,Negligible,Negligible,Negligible,Moderate,Negligible,True,False,True,up,none,down,False,False,False
TUMOR_EPITHELIAL||Lipid_Metabolism_Signature,TUMOR EPITHELIAL,0.276,0.146,0.417,1.0,0.996625,-0.048,-0.178,0.106,0.221125,0.2645,-0.324,-0.492,-0.159,0.000125,0.993125,0.996625,0.8585,0.36675,0.000875,0.2645,0.00975,0.00025,0.0,0.993125,0.92975,0.616625,0.016875,Moderate,Negligible,Negligible,Negligible,Moderate,Negligible,True,False,True,up,none,down,False,False,False
TUMOR_EPITHELIAL||Type_I_Interferon_Response_Signature,TUMOR EPITHELIAL,0.016,-0.121,0.148,0.600125,0.169375,-0.133,-0.298,0.005,0.0185,0.622,-0.149,-0.322,0.025,0.0385,0.702375,0.169375,0.002875,0.0,0.0,0.622,0.184125,0.034625,0.0,0.702375,0.2755,0.049875,0.000125,Negligible,Negligible,Negligible,Negligible,Negligible,Negligible,False,False,False,none,none,none,False,False,False
