feature,cell_type,bmi_slope_standardized_mean,bmi_slope_standardized_hdi_low,bmi_slope_standardized_hdi_high,bmi_slope_per_unit_mean,bmi_slope_per_unit_hdi_low,bmi_slope_per_unit_hdi_high,prob_positive,prob_negative,prob_sig_0.1,prob_sig_0.2,prob_sig_0.3,bmi_slope_prob_gt_0.05,bmi_slope_prob_gt_0.1,bmi_slope_prob_gt_0.15,bmi_slope_prob_gt_0.2,bmi_slope_prob_gt_0.3,bmi_slope_evidence_0.1,bmi_slope_evidence_0.2,bmi_slope_evidence_0.3,bmi_slope_credible,bmi_slope_direction,effect_size_category,tier1_large_credible,tier2_medium_credible,tier3_any_credible
BASOPHILS||Activation_Signaling_Signature,BASOPHILS,0.01,-0.052,0.066,0.0022410662005364,-0.0116535442427896,0.0147910369235406,0.64675,0.35325,0.002,0.0,0.0,0.107875,0.002,0.0,0.0,0.0,Negligible,Negligible,Negligible,False,none,negligible,False,False,False
BASOPHILS||Adipose_Allergy_Signature,BASOPHILS,0.011,-0.049,0.069,0.0024651728205901,-0.0109812243826286,0.0154633567837015,0.65175,0.34825,0.0015,0.0,0.0,0.115,0.0015,0.0,0.0,0.0,Negligible,Negligible,Negligible,False,none,negligible,False,False,False
BASOPHILS||Angiogenesis_Regulation_Signature,BASOPHILS,0.01,-0.054,0.064,0.0022410662005364,-0.0121017574828968,0.0143428236834333,0.647,0.353,0.001125,0.0,0.0,0.109875,0.001125,0.0,0.0,0.0,Negligible,Negligible,Negligible,False,none,negligible,False,False,False
BASOPHILS||Anti_Apoptotic_Signature,BASOPHILS,0.008,-0.049,0.067,0.0017928529604291,-0.0109812243826286,0.0150151435435943,0.619875,0.380125,0.001,0.0,0.0,0.09975,0.001,0.0,0.0,0.0,Negligible,Negligible,Negligible,False,none,negligible,False,False,False
BASOPHILS||Autophagy_Regulation_Signature,BASOPHILS,0.01,-0.047,0.07,0.0022410662005364,-0.0105330111425213,0.0156874634037552,0.641375,0.358625,0.000875,0.0,0.0,0.106875,0.000875,0.0,0.0,0.0,Negligible,Negligible,Negligible,False,none,negligible,False,False,False
BASOPHILS||Cellular_Stress_Response_Signature,BASOPHILS,0.012,-0.049,0.069,0.0026892794406437,-0.0109812243826286,0.0154633567837015,0.65875,0.34125,0.001625,0.0,0.0,0.114375,0.001625,0.0,0.0,0.0,Negligible,Negligible,Negligible,False,none,negligible,False,False,False
BASOPHILS||Chronic_Activation_Signature,BASOPHILS,0.011,-0.05,0.067,0.0024651728205901,-0.0112053310026823,0.0150151435435943,0.65525,0.34475,0.001,0.0,0.0,0.11225,0.001,0.0,0.0,0.0,Negligible,Negligible,Negligible,False,none,negligible,False,False,False
BASOPHILS||Complement_Activation_Signature,BASOPHILS,0.008,-0.053,0.065,0.0017928529604291,-0.0118776508628432,0.014566930303487,0.6215,0.3785,0.00125,0.0,0.0,0.103125,0.00125,0.0,0.0,0.0,Negligible,Negligible,Negligible,False,none,negligible,False,False,False
BASOPHILS||Cytokine_Production_Signature,BASOPHILS,0.011,-0.048,0.07,0.0024651728205901,-0.010757117762575,0.0156874634037552,0.65775,0.34225,0.0025,0.0,0.0,0.111625,0.0025,0.0,0.0,0.0,Negligible,Negligible,Negligible,False,none,negligible,False,False,False
BASOPHILS||ER_Stress_Response_Signature,BASOPHILS,0.01,-0.049,0.068,0.0022410662005364,-0.0109812243826286,0.0152392501636479,0.645375,0.354625,0.0015,0.0,0.0,0.10725,0.0015,0.0,0.0,0.0,Negligible,Negligible,Negligible,False,none,negligible,False,False,False
BASOPHILS||Epigenetic_Dysregulation_Signature,BASOPHILS,0.01,-0.05,0.066,0.0022410662005364,-0.0112053310026823,0.0147910369235406,0.6425,0.3575,0.00175,0.0,0.0,0.103375,0.00175,0.0,0.0,0.0,Negligible,Negligible,Negligible,False,none,negligible,False,False,False
BASOPHILS||FcERI_Signaling_Signature,BASOPHILS,0.011,-0.048,0.07,0.0024651728205901,-0.010757117762575,0.0156874634037552,0.659,0.341,0.002,0.0,0.0,0.115125,0.002,0.0,0.0,0.0,Negligible,Negligible,Negligible,False,none,negligible,False,False,False
BASOPHILS||Glycolysis_Signature,BASOPHILS,0.011,-0.05,0.07,0.0024651728205901,-0.0112053310026823,0.0156874634037552,0.66175,0.33825,0.001125,0.0,0.0,0.115,0.001125,0.0,0.0,0.0,Negligible,Negligible,Negligible,False,none,negligible,False,False,False
BASOPHILS||Histamine_Signature,BASOPHILS,0.011,-0.048,0.069,0.0024651728205901,-0.010757117762575,0.0154633567837015,0.65025,0.34975,0.0015,0.0,0.0,0.108,0.0015,0.0,0.0,0.0,Negligible,Negligible,Negligible,False,none,negligible,False,False,False
BASOPHILS||Hypoxia_Response_Signature,BASOPHILS,0.013,-0.048,0.07,0.0029133860606974,-0.010757117762575,0.0156874634037552,0.676875,0.323125,0.001625,0.0,0.0,0.120625,0.001625,0.0,0.0,0.0,Negligible,Negligible,Negligible,False,none,negligible,False,False,False
BASOPHILS||Immunosenescence_Signature,BASOPHILS,0.013,-0.045,0.073,0.0029133860606974,-0.010084797902414,0.0163597832639161,0.677875,0.322125,0.002125,0.0,0.0,0.119875,0.002125,0.0,0.0,0.0,Negligible,Negligible,Negligible,False,none,negligible,False,False,False
BASOPHILS||Inflammatory_Mediator_Signature,BASOPHILS,0.008,-0.053,0.065,0.0017928529604291,-0.0118776508628432,0.014566930303487,0.6185,0.3815,0.00075,0.0,0.0,0.101625,0.00075,0.0,0.0,0.0,Negligible,Negligible,Negligible,False,none,negligible,False,False,False
BASOPHILS||Inflammatory_Response_Signature,BASOPHILS,0.009,-0.049,0.069,0.0020169595804828,-0.0109812243826286,0.0154633567837015,0.637875,0.362125,0.001125,0.0,0.0,0.105875,0.001125,0.0,0.0,0.0,Negligible,Negligible,Negligible,False,none,negligible,False,False,False
BASOPHILS||Insulin_Resistance_Signaling_Signature,BASOPHILS,0.01,-0.052,0.065,0.0022410662005364,-0.0116535442427896,0.014566930303487,0.639,0.361,0.001125,0.0,0.0,0.106375,0.001125,0.0,0.0,0.0,Negligible,Negligible,Negligible,False,none,negligible,False,False,False
BASOPHILS||Lineage_Program_Signature,BASOPHILS,0.011,-0.047,0.07,0.0024651728205901,-0.0105330111425213,0.0156874634037552,0.652875,0.347125,0.001875,0.0,0.0,0.108125,0.001875,0.0,0.0,0.0,Negligible,Negligible,Negligible,False,none,negligible,False,False,False
BASOPHILS||Lipid_Mediator_Signature,BASOPHILS,0.011,-0.046,0.069,0.0024651728205901,-0.0103089045224677,0.0154633567837015,0.6565,0.3435,0.000875,0.0,0.0,0.1095,0.000875,0.0,0.0,0.0,Negligible,Negligible,Negligible,False,none,negligible,False,False,False
BASOPHILS||Lipid_Metabolism_Signature,BASOPHILS,0.012,-0.047,0.071,0.0026892794406437,-0.0105330111425213,0.0159115700238088,0.667875,0.332125,0.002,0.0,0.0,0.115625,0.002,0.0,0.0,0.0,Negligible,Negligible,Negligible,False,none,negligible,False,False,False
BASOPHILS||Microbiome_Response_Signature,BASOPHILS,0.007,-0.053,0.066,0.0015687463403755,-0.0118776508628432,0.0147910369235406,0.60875,0.39125,0.001,0.0,0.0,0.105,0.001,0.0,0.0,0.0,Negligible,Negligible,Negligible,False,none,negligible,False,False,False
BASOPHILS||Migration_Signature,BASOPHILS,0.011,-0.047,0.068,0.0024651728205901,-0.0105330111425213,0.0152392501636479,0.65875,0.34125,0.000625,0.0,0.0,0.107,0.000625,0.0,0.0,0.0,Negligible,Negligible,Negligible,False,none,negligible,False,False,False
BASOPHILS||Mitochondrial_Function_Signature,BASOPHILS,0.013,-0.047,0.07,0.0029133860606974,-0.0105330111425213,0.0156874634037552,0.67625,0.32375,0.002625,0.0,0.0,0.116875,0.002625,0.0,0.0,0.0,Negligible,Negligible,Negligible,False,none,negligible,False,False,False
BASOPHILS||Oxidative_Stress_Response_Signature,BASOPHILS,0.011,-0.048,0.07,0.0024651728205901,-0.010757117762575,0.0156874634037552,0.65475,0.34525,0.002125,0.0,0.0,0.109375,0.002125,0.000125,0.0,0.0,Negligible,Negligible,Negligible,False,none,negligible,False,False,False
BASOPHILS||Protease_Release_Activity_Signature,BASOPHILS,0.011,-0.045,0.072,0.0024651728205901,-0.010084797902414,0.0161356766438625,0.65125,0.34875,0.001125,0.0,0.0,0.112875,0.001125,0.0,0.0,0.0,Negligible,Negligible,Negligible,False,none,negligible,False,False,False
BASOPHILS||Senescence_Signature,BASOPHILS,0.01,-0.047,0.069,0.0022410662005364,-0.0105330111425213,0.0154633567837015,0.64325,0.35675,0.000875,0.0,0.0,0.1085,0.000875,0.0,0.0,0.0,Negligible,Negligible,Negligible,False,none,negligible,False,False,False
BASOPHILS||Surface_Receptor_Expression_Signature,BASOPHILS,0.011,-0.051,0.066,0.0024651728205901,-0.0114294376227359,0.0147910369235406,0.6565,0.3435,0.00175,0.0,0.0,0.111375,0.00175,0.0,0.0,0.0,Negligible,Negligible,Negligible,False,none,negligible,False,False,False
BASOPHILS||Type2_Cytokine_Expression_Signature,BASOPHILS,0.012,-0.048,0.068,0.0026892794406437,-0.010757117762575,0.0152392501636479,0.665,0.335,0.0015,0.0,0.0,0.108875,0.0015,0.0,0.0,0.0,Negligible,Negligible,Negligible,False,none,negligible,False,False,False
BASOPHILS||Wound_Healing_Support_Signature,BASOPHILS,0.011,-0.048,0.069,0.0024651728205901,-0.010757117762575,0.0154633567837015,0.6475,0.3525,0.00125,0.0,0.0,0.111375,0.00125,0.0,0.0,0.0,Negligible,Negligible,Negligible,False,none,negligible,False,False,False
BASOPHILS||mTOR_Activation_Signature,BASOPHILS,0.009,-0.047,0.07,0.0020169595804828,-0.0105330111425213,0.0156874634037552,0.628,0.372,0.00025,0.0,0.0,0.10375,0.00025,0.0,0.0,0.0,Negligible,Negligible,Negligible,False,none,negligible,False,False,False
B_CELLS||Adipokine_Signaling_Signature,B CELLS,0.139,0.079,0.196,0.0311508201874568,0.017704422984238,0.0439248975305146,1.0,0.0,0.908875,0.017875,0.0,0.99775,0.908875,0.351125,0.017875,0.0,Moderate,Negligible,Negligible,True,positive,small-medium,False,False,True
B_CELLS||Antibody_Glycosylation_Signature,B CELLS,0.141,0.083,0.203,0.0315990334275641,0.0186008494644526,0.0454936438708901,1.0,0.0,0.91725,0.024875,0.0,0.99725,0.91725,0.375125,0.024875,0.0,Moderate,Negligible,Negligible,True,positive,small-medium,False,False,True
B_CELLS||Antibody_Production_Signature,B CELLS,0.138,0.081,0.196,0.0309267135674031,0.0181526362243453,0.0439248975305146,1.0,0.0,0.908125,0.015875,0.0,0.99775,0.908125,0.342125,0.015875,0.0,Moderate,Negligible,Negligible,True,positive,small-medium,False,False,True
B_CELLS||Apoptosis_Regulation_Signature,B CELLS,0.14,0.08,0.197,0.0313749268075104,0.0179285296042917,0.0441490041505683,1.0,0.0,0.913375,0.01975,0.0,0.9975,0.913375,0.366875,0.01975,0.0,Moderate,Negligible,Negligible,True,positive,small-medium,False,False,True
B_CELLS||Autophagy_Regulation_Signature,B CELLS,0.142,0.084,0.203,0.0318231400476177,0.0188249560845062,0.0454936438708901,1.0,0.0,0.923125,0.0265,0.0,0.998125,0.923125,0.387625,0.0265,0.0,Moderate,Negligible,Negligible,True,positive,small-medium,False,False,True
B_CELLS||BCR_Signaling_Signature,B CELLS,0.136,0.078,0.196,0.0304785003272958,0.0174803163641844,0.0439248975305146,1.0,0.0,0.894125,0.013625,0.0,0.9965,0.894125,0.32575,0.013625,0.0,Moderate,Negligible,Negligible,True,positive,small-medium,False,False,True
B_CELLS||B_Cell_Memory_Formation_Signature,B CELLS,0.138,0.076,0.194,0.0309267135674031,0.0170321031240771,0.0434766842904073,1.0,0.0,0.899375,0.016875,0.0,0.998125,0.899375,0.339,0.016875,0.0,Moderate,Negligible,Negligible,True,positive,small-medium,False,False,True
B_CELLS||Cell_Cycle_Regulation_Signature,B CELLS,0.141,0.078,0.196,0.0315990334275641,0.0174803163641844,0.0439248975305146,1.0,0.0,0.9175,0.02325,0.0,0.99825,0.9175,0.372625,0.02325,0.0,Moderate,Negligible,Negligible,True,positive,small-medium,False,False,True
B_CELLS||Cellular_Stress_Response_Signature,B CELLS,0.143,0.085,0.204,0.0320472466676714,0.0190490627045599,0.0457177504909438,1.0,0.0,0.926375,0.03,0.0,0.99925,0.926375,0.399875,0.03,0.0,Moderate,Negligible,Negligible,True,positive,small-medium,False,False,True
B_CELLS||Checkpoint_Expression_Signature,B CELLS,0.138,0.078,0.194,0.0309267135674031,0.0174803163641844,0.0434766842904073,1.0,0.0,0.90225,0.01575,0.0,0.998125,0.90225,0.342625,0.01575,0.0,Moderate,Negligible,Negligible,True,positive,small-medium,False,False,True
B_CELLS||Chemokine_Production_Signature,B CELLS,0.136,0.074,0.194,0.0304785003272958,0.0165838898839698,0.0434766842904073,1.0,0.0,0.885125,0.01425,0.0,0.996,0.885125,0.31025,0.01425,0.0,Moderate,Negligible,Negligible,True,positive,small-medium,False,False,True
B_CELLS||ClassSwitch_Recombination_Signature,B CELLS,0.14,0.08,0.197,0.0313749268075104,0.0179285296042917,0.0441490041505683,1.0,0.0,0.913,0.022,0.0,0.997875,0.913,0.361125,0.022,0.0,Moderate,Negligible,Negligible,True,positive,small-medium,False,False,True
B_CELLS||Complement_Activation_Signature,B CELLS,0.138,0.075,0.192,0.0309267135674031,0.0168079965040234,0.0430284710503,0.999875,0.000125,0.90775,0.017625,0.0,0.997375,0.90775,0.342125,0.017625,0.0,Moderate,Negligible,Negligible,True,positive,small-medium,False,False,True
B_CELLS||Costimulation_Signature,B CELLS,0.138,0.077,0.196,0.0309267135674031,0.0172562097441307,0.0439248975305146,1.0,0.0,0.9045,0.017375,0.0,0.9975,0.9045,0.33825,0.017375,0.0,Moderate,Negligible,Negligible,True,positive,small-medium,False,False,True
B_CELLS||Cytokine_Network_Signature,B CELLS,0.138,0.077,0.194,0.0309267135674031,0.0172562097441307,0.0434766842904073,1.0,0.0,0.902125,0.01575,0.0,0.99625,0.902125,0.3355,0.01575,0.0,Moderate,Negligible,Negligible,True,positive,small-medium,False,False,True
B_CELLS||DNA_Repair_Signature,B CELLS,0.141,0.082,0.196,0.0315990334275641,0.0183767428443989,0.0439248975305146,1.0,0.0,0.917375,0.01875,0.0,0.99675,0.917375,0.37325,0.01875,0.0,Moderate,Negligible,Negligible,True,positive,small-medium,False,False,True
B_CELLS||ECM_Interaction_Signature,B CELLS,0.139,0.079,0.195,0.0311508201874568,0.017704422984238,0.043700790910461,1.0,0.0,0.90925,0.018375,0.0,0.99825,0.90925,0.348125,0.018375,0.0,Moderate,Negligible,Negligible,True,positive,small-medium,False,False,True
B_CELLS||ER_Stress_Response_Signature,B CELLS,0.142,0.084,0.203,0.0318231400476177,0.0188249560845062,0.0454936438708901,1.0,0.0,0.924375,0.026,0.0,0.998625,0.924375,0.385625,0.026,0.0,Moderate,Negligible,Negligible,True,positive,small-medium,False,False,True
B_CELLS||Fibrosis_Interaction_Signature,B CELLS,0.136,0.073,0.192,0.0304785003272958,0.0163597832639161,0.0430284710503,0.999875,0.000125,0.889625,0.013875,0.0,0.995625,0.889625,0.31725,0.013875,0.0,Moderate,Negligible,Negligible,True,positive,small-medium,False,False,True
B_CELLS||Germinal_Center_Signature,B CELLS,0.138,0.076,0.193,0.0309267135674031,0.0170321031240771,0.0432525776703537,0.999875,0.000125,0.90225,0.016,0.0,0.9975,0.90225,0.336625,0.016,0.0,Moderate,Negligible,Negligible,True,positive,small-medium,False,False,True
B_CELLS||Glycolysis_Signature,B CELLS,0.144,0.086,0.207,0.032271353287725,0.0192731693246135,0.0463900703511047,1.0,0.0,0.930125,0.03275,0.0,0.998625,0.930125,0.408875,0.03275,0.0,Moderate,Negligible,Negligible,True,positive,small-medium,False,False,True
B_CELLS||Hypoxia_Response_Signature,B CELLS,0.143,0.085,0.206,0.0320472466676714,0.0190490627045599,0.0461659637310511,1.0,0.0,0.93075,0.032125,0.0,0.999125,0.93075,0.401,0.032125,0.0,Moderate,Negligible,Negligible,True,positive,small-medium,False,False,True
B_CELLS||Immunoglobulin_Production_Signature,B CELLS,0.136,0.077,0.194,0.0304785003272958,0.0172562097441307,0.0434766842904073,1.0,0.0,0.8865,0.012875,0.0,0.996125,0.8865,0.318,0.012875,0.0,Moderate,Negligible,Negligible,True,positive,small-medium,False,False,True
B_CELLS||Immunosenescence_Signature,B CELLS,0.138,0.08,0.197,0.0309267135674031,0.0179285296042917,0.0441490041505683,1.0,0.0,0.90725,0.017,0.0,0.998125,0.90725,0.344375,0.017,0.0,Moderate,Negligible,Negligible,True,positive,small-medium,False,False,True
B_CELLS||Immunosuppression_Signature,B CELLS,0.14,0.08,0.195,0.0313749268075104,0.0179285296042917,0.043700790910461,1.0,0.0,0.911375,0.016,0.0,0.997875,0.911375,0.354125,0.016,0.0,Moderate,Negligible,Negligible,True,positive,small-medium,False,False,True
B_CELLS||Inflammatory_Response_Signature,B CELLS,0.139,0.081,0.198,0.0311508201874568,0.0181526362243453,0.0443731107706219,1.0,0.0,0.906125,0.016625,0.0,0.998125,0.906125,0.348125,0.016625,0.0,Moderate,Negligible,Negligible,True,positive,small-medium,False,False,True
B_CELLS||JAK_STAT_Signaling_Signature,B CELLS,0.14,0.082,0.2,0.0313749268075104,0.0183767428443989,0.0448213240107292,1.0,0.0,0.913625,0.02075,0.0,0.998,0.913625,0.363,0.02075,0.0,Moderate,Negligible,Negligible,True,positive,small-medium,False,False,True
B_CELLS||Lipid_Metabolism_Signature,B CELLS,0.14,0.077,0.195,0.0313749268075104,0.0172562097441307,0.043700790910461,1.0,0.0,0.909875,0.01975,0.0,0.998625,0.909875,0.363375,0.01975,0.0,Moderate,Negligible,Negligible,True,positive,small-medium,False,False,True
B_CELLS||MHC_II_Presentation_Signature,B CELLS,0.139,0.076,0.193,0.0311508201874568,0.0170321031240771,0.0432525776703537,1.0,0.0,0.909375,0.018375,0.0,0.997,0.909375,0.345625,0.018375,0.0,Moderate,Negligible,Negligible,True,positive,small-medium,False,False,True
B_CELLS||MHC_I_Presentation_Signature,B CELLS,0.141,0.078,0.196,0.0315990334275641,0.0174803163641844,0.0439248975305146,1.0,0.0,0.916125,0.023375,0.0,0.99825,0.916125,0.371125,0.023375,0.0,Moderate,Negligible,Negligible,True,positive,small-medium,False,False,True
B_CELLS||Metabolic_Reprogramming_Signature,B CELLS,0.142,0.08,0.199,0.0318231400476177,0.0179285296042917,0.0445972173906756,1.0,0.0,0.924375,0.027,0.0,0.999125,0.924375,0.386375,0.027,0.0,Moderate,Negligible,Negligible,True,positive,small-medium,False,False,True
B_CELLS||Microbiome_Response_Signature,B CELLS,0.139,0.08,0.196,0.0311508201874568,0.0179285296042917,0.0439248975305146,0.999875,0.000125,0.90625,0.017625,0.0,0.997125,0.90625,0.349125,0.017625,0.0,Moderate,Negligible,Negligible,True,positive,small-medium,False,False,True
B_CELLS||Migration_Signature,B CELLS,0.137,0.078,0.195,0.0307026069473495,0.0174803163641844,0.043700790910461,1.0,0.0,0.895,0.014875,0.0,0.996375,0.895,0.327875,0.014875,0.0,Moderate,Negligible,Negligible,True,positive,small-medium,False,False,True
B_CELLS||Mitochondrial_Function_Signature,B CELLS,0.142,0.084,0.203,0.0318231400476177,0.0188249560845062,0.0454936438708901,1.0,0.0,0.92275,0.02825,0.0,0.99875,0.92275,0.3845,0.02825,0.0,Moderate,Negligible,Negligible,True,positive,small-medium,False,False,True
B_CELLS||Oxidative_Stress_Response_Signature,B CELLS,0.142,0.08,0.197,0.0318231400476177,0.0179285296042917,0.0441490041505683,1.0,0.0,0.92475,0.024,0.000125,0.9985,0.92475,0.388625,0.024,0.000125,Moderate,Negligible,Negligible,True,positive,small-medium,False,False,True
B_CELLS||PI3K_AKT_Signaling_Signature,B CELLS,0.141,0.082,0.2,0.0315990334275641,0.0183767428443989,0.0448213240107292,1.0,0.0,0.9185,0.02075,0.0,0.998375,0.9185,0.3695,0.02075,0.0,Moderate,Negligible,Negligible,True,positive,small-medium,False,False,True
B_CELLS||Regulatory_B_Cell_Signature,B CELLS,0.138,0.078,0.195,0.0309267135674031,0.0174803163641844,0.043700790910461,1.0,0.0,0.902625,0.01675,0.0,0.99775,0.902625,0.33525,0.01675,0.0,Moderate,Negligible,Negligible,True,positive,small-medium,False,False,True
B_CELLS||Senescence_Signature,B CELLS,0.141,0.079,0.197,0.0315990334275641,0.017704422984238,0.0441490041505683,1.0,0.0,0.919375,0.022,0.0,0.997875,0.919375,0.36925,0.022,0.0,Moderate,Negligible,Negligible,True,positive,small-medium,False,False,True
B_CELLS||Toll_Like_Receptor_Signature,B CELLS,0.138,0.077,0.196,0.0309267135674031,0.0172562097441307,0.0439248975305146,1.0,0.0,0.903,0.0175,0.0,0.996875,0.903,0.34075,0.0175,0.0,Moderate,Negligible,Negligible,True,positive,small-medium,False,False,True
B_CELLS||Type_I_Interferon_Response_Signature,B CELLS,0.135,0.074,0.194,0.0302543937072422,0.0165838898839698,0.0434766842904073,0.999875,0.000125,0.886625,0.014125,0.0,0.995125,0.886625,0.312625,0.014125,0.0,Moderate,Negligible,Negligible,True,positive,small-medium,False,False,True
CD4+ T CELLS||Adipokine_Signaling_Signature,CD4+ T CELLS,-0.088,-0.147,-0.035,-0.0197213825647208,-0.0329436731478859,-0.0078437317018776,0.00075,0.99925,0.32375,0.00025,0.0,0.9105,0.32375,0.017625,0.00025,0.0,Negligible,Negligible,Negligible,True,negative,small,False,False,True
CD4+ T CELLS||Angiogenesis_Regulation_Signature,CD4+ T CELLS,-0.089,-0.146,-0.032,-0.0199454891847745,-0.0327195665278323,-0.0071714118417166,0.001,0.999,0.332375,0.000125,0.0,0.916125,0.332375,0.022,0.000125,0.0,Negligible,Negligible,Negligible,True,negative,small,False,False,True
CD4+ T CELLS||Apoptosis_Resistance_Signature,CD4+ T CELLS,-0.09,-0.149,-0.035,-0.0201695958048281,-0.0333918863879932,-0.0078437317018776,0.000625,0.999375,0.348625,0.000125,0.0,0.92675,0.348625,0.024,0.000125,0.0,Negligible,Negligible,Negligible,True,negative,small,False,False,True
CD4+ T CELLS||Autophagy_Regulation_Signature,CD4+ T CELLS,-0.089,-0.147,-0.035,-0.0199454891847745,-0.0329436731478859,-0.0078437317018776,0.000875,0.999125,0.337,0.000125,0.0,0.91875,0.337,0.0205,0.000125,0.0,Negligible,Negligible,Negligible,True,negative,small,False,False,True
CD4+ T CELLS||CD4_Coreceptor_Signaling_Signature,CD4+ T CELLS,-0.09,-0.146,-0.032,-0.0201695958048281,-0.0327195665278323,-0.0071714118417166,0.00125,0.99875,0.345,0.00025,0.0,0.922875,0.345,0.022875,0.00025,0.0,Negligible,Negligible,Negligible,True,negative,small,False,False,True
CD4+ T CELLS||CD4_Effector_Differentiation_Signature,CD4+ T CELLS,-0.09,-0.148,-0.034,-0.0201695958048281,-0.0331677797679396,-0.0076196250818239,0.000625,0.999375,0.347875,0.0,0.0,0.92375,0.347875,0.023375,0.0,0.0,Negligible,Negligible,Negligible,True,negative,small,False,False,True
CD4+ T CELLS||CD4_Lineage_Specification_Signature,CD4+ T CELLS,-0.09,-0.149,-0.037,-0.0201695958048281,-0.0333918863879932,-0.0082919449419849,0.000625,0.999375,0.349375,0.000125,0.0,0.92525,0.349375,0.0225,0.000125,0.0,Negligible,Negligible,Negligible,True,negative,small,False,False,True
CD4+ T CELLS||CD4_Memory_Formation_Signature,CD4+ T CELLS,-0.089,-0.146,-0.033,-0.0199454891847745,-0.0327195665278323,-0.0073955184617703,0.001375,0.998625,0.341,0.00025,0.0,0.91925,0.341,0.022,0.00025,0.0,Negligible,Negligible,Negligible,True,negative,small,False,False,True
CD4+ T CELLS||CD4_Metabolic_Flexibility_Signature,CD4+ T CELLS,-0.088,-0.147,-0.034,-0.0197213825647208,-0.0329436731478859,-0.0076196250818239,0.00175,0.99825,0.317375,0.0,0.0,0.914625,0.317375,0.017625,0.0,0.0,Negligible,Negligible,Negligible,True,negative,small,False,False,True
CD4+ T CELLS||CD4_Tissue_Homing_Signature,CD4+ T CELLS,-0.089,-0.148,-0.035,-0.0199454891847745,-0.0331677797679396,-0.0078437317018776,0.000875,0.999125,0.34475,0.000125,0.0,0.92025,0.34475,0.021625,0.000125,0.0,Negligible,Negligible,Negligible,True,negative,small,False,False,True
CD4+ T CELLS||Cellular_Stress_Response_Signature,CD4+ T CELLS,-0.088,-0.146,-0.033,-0.0197213825647208,-0.0327195665278323,-0.0073955184617703,0.000625,0.999375,0.331625,0.0,0.0,0.914375,0.331625,0.01925,0.0,0.0,Negligible,Negligible,Negligible,True,negative,small,False,False,True
CD4+ T CELLS||Chemokine_Network_Signature,CD4+ T CELLS,-0.089,-0.145,-0.032,-0.0199454891847745,-0.0324954599077787,-0.0071714118417166,0.000625,0.999375,0.344,0.000125,0.0,0.923,0.344,0.022875,0.000125,0.0,Negligible,Negligible,Negligible,True,negative,small,False,False,True
CD4+ T CELLS||Complement_Activation_Signature,CD4+ T CELLS,-0.089,-0.148,-0.034,-0.0199454891847745,-0.0331677797679396,-0.0076196250818239,0.001,0.999,0.340875,0.0,0.0,0.922,0.340875,0.023375,0.0,0.0,Negligible,Negligible,Negligible,True,negative,small,False,False,True
CD4+ T CELLS||Costimulatory_Activity_Signature,CD4+ T CELLS,-0.089,-0.146,-0.033,-0.0199454891847745,-0.0327195665278323,-0.0073955184617703,0.00075,0.99925,0.32725,0.0,0.0,0.92225,0.32725,0.019125,0.0,0.0,Negligible,Negligible,Negligible,True,negative,small,False,False,True
CD4+ T CELLS||ECM_Remodeling_Signature,CD4+ T CELLS,-0.089,-0.145,-0.034,-0.0199454891847745,-0.0324954599077787,-0.0076196250818239,0.000875,0.999125,0.33925,0.000125,0.0,0.921125,0.33925,0.019375,0.000125,0.0,Negligible,Negligible,Negligible,True,negative,small,False,False,True
CD4+ T CELLS||ER_Stress_Response_Signature,CD4+ T CELLS,-0.089,-0.146,-0.034,-0.0199454891847745,-0.0327195665278323,-0.0076196250818239,0.000625,0.999375,0.339625,0.0,0.0,0.921375,0.339625,0.020625,0.0,0.0,Negligible,Negligible,Negligible,True,negative,small,False,False,True
CD4+ T CELLS||Energy_Sensing_Activity_Signature,CD4+ T CELLS,-0.088,-0.145,-0.032,-0.0197213825647208,-0.0324954599077787,-0.0071714118417166,0.00075,0.99925,0.324375,0.000125,0.0,0.91475,0.324375,0.020625,0.000125,0.0,Negligible,Negligible,Negligible,True,negative,small,False,False,True
CD4+ T CELLS||Epigenetic_Dysregulation_Signature,CD4+ T CELLS,-0.09,-0.15,-0.036,-0.0201695958048281,-0.0336159930080469,-0.0080678383219312,0.00075,0.99925,0.34625,0.000125,0.0,0.92475,0.34625,0.023125,0.000125,0.0,Negligible,Negligible,Negligible,True,negative,small,False,False,True
CD4+ T CELLS||Fibrosis_Mediation_Signature,CD4+ T CELLS,-0.091,-0.15,-0.037,-0.0203937024248818,-0.0336159930080469,-0.0082919449419849,0.000375,0.999625,0.3595,0.000125,0.0,0.92825,0.3595,0.023375,0.000125,0.0,Negligible,Negligible,Negligible,True,negative,small,False,False,True
CD4+ T CELLS||Glycolysis_Signature,CD4+ T CELLS,-0.089,-0.145,-0.033,-0.0199454891847745,-0.0324954599077787,-0.0073955184617703,0.00075,0.99925,0.333875,0.0,0.0,0.92,0.333875,0.020375,0.0,0.0,Negligible,Negligible,Negligible,True,negative,small,False,False,True
CD4+ T CELLS||Helper_Function_Signature,CD4+ T CELLS,-0.088,-0.148,-0.035,-0.0197213825647208,-0.0331677797679396,-0.0078437317018776,0.000875,0.999125,0.319125,0.0,0.0,0.909125,0.319125,0.019,0.0,0.0,Negligible,Negligible,Negligible,True,negative,small,False,False,True
CD4+ T CELLS||Hypoxia_Response_Signature,CD4+ T CELLS,-0.088,-0.149,-0.035,-0.0197213825647208,-0.0333918863879932,-0.0078437317018776,0.001,0.999,0.326875,0.000125,0.0,0.915625,0.326875,0.02075,0.000125,0.0,Negligible,Negligible,Negligible,True,negative,small,False,False,True
CD4+ T CELLS||Immunosenescence_Signature,CD4+ T CELLS,-0.089,-0.148,-0.035,-0.0199454891847745,-0.0331677797679396,-0.0078437317018776,0.001625,0.998375,0.335,0.0,0.0,0.91625,0.335,0.018875,0.0,0.0,Negligible,Negligible,Negligible,True,negative,small,False,False,True
CD4+ T CELLS||Inflammatory_Cytokine_Signature,CD4+ T CELLS,-0.088,-0.144,-0.032,-0.0197213825647208,-0.032271353287725,-0.0071714118417166,0.000875,0.999125,0.319625,0.000125,0.0,0.91325,0.319625,0.018,0.000125,0.0,Negligible,Negligible,Negligible,True,negative,small,False,False,True
CD4+ T CELLS||Lipid_Metabolism_Signature,CD4+ T CELLS,-0.088,-0.145,-0.032,-0.0197213825647208,-0.0324954599077787,-0.0071714118417166,0.001125,0.998875,0.330875,0.0,0.0,0.9145,0.330875,0.02025,0.0,0.0,Negligible,Negligible,Negligible,True,negative,small,False,False,True
CD4+ T CELLS||MHC_II_Recognition_Signature,CD4+ T CELLS,-0.089,-0.146,-0.033,-0.0199454891847745,-0.0327195665278323,-0.0073955184617703,0.00075,0.99925,0.342125,0.00025,0.0,0.922625,0.342125,0.02125,0.00025,0.0,Negligible,Negligible,Negligible,True,negative,small,False,False,True
CD4+ T CELLS||Microbiome_Response_Signature,CD4+ T CELLS,-0.091,-0.149,-0.035,-0.0203937024248818,-0.0333918863879932,-0.0078437317018776,0.000625,0.999375,0.355375,0.00025,0.0,0.926375,0.355375,0.023625,0.00025,0.0,Negligible,Negligible,Negligible,True,negative,small,False,False,True
CD4+ T CELLS||Mitochondrial_Dysfunction_Signature,CD4+ T CELLS,-0.088,-0.146,-0.032,-0.0197213825647208,-0.0327195665278323,-0.0071714118417166,0.001,0.999,0.327875,0.0,0.0,0.92025,0.327875,0.0205,0.0,0.0,Negligible,Negligible,Negligible,True,negative,small,False,False,True
CD4+ T CELLS||Oxidative_Stress_Response_Signature,CD4+ T CELLS,-0.089,-0.146,-0.03,-0.0199454891847745,-0.0327195665278323,-0.0067231986016093,0.000875,0.999125,0.345375,0.00025,0.0,0.923875,0.345375,0.024625,0.00025,0.0,Negligible,Negligible,Negligible,True,negative,small,False,False,True
CD4+ T CELLS||Senescence_Signature,CD4+ T CELLS,-0.089,-0.148,-0.035,-0.0199454891847745,-0.0331677797679396,-0.0078437317018776,0.000375,0.999625,0.3395,0.0,0.0,0.92275,0.3395,0.021375,0.0,0.0,Negligible,Negligible,Negligible,True,negative,small,False,False,True
CD4+ T CELLS||TCR_Signaling_Signature,CD4+ T CELLS,-0.089,-0.147,-0.034,-0.0199454891847745,-0.0329436731478859,-0.0076196250818239,0.00075,0.99925,0.341,0.000125,0.0,0.92025,0.341,0.022,0.000125,0.0,Negligible,Negligible,Negligible,True,negative,small,False,False,True
CD4+ T CELLS||TGFB_Signaling_Signature,CD4+ T CELLS,-0.09,-0.149,-0.035,-0.0201695958048281,-0.0333918863879932,-0.0078437317018776,0.0005,0.9995,0.349,0.00025,0.0,0.923375,0.349,0.0235,0.00025,0.0,Negligible,Negligible,Negligible,True,negative,small,False,False,True
CD4+ T CELLS||Terminal_Exhaustion_Signature,CD4+ T CELLS,-0.089,-0.147,-0.034,-0.0199454891847745,-0.0329436731478859,-0.0076196250818239,0.001125,0.998875,0.338875,0.000125,0.0,0.919875,0.338875,0.02175,0.000125,0.0,Negligible,Negligible,Negligible,True,negative,small,False,False,True
CD4+ T CELLS||Tissue_Residency_Signature,CD4+ T CELLS,-0.091,-0.147,-0.035,-0.0203937024248818,-0.0329436731478859,-0.0078437317018776,0.0005,0.9995,0.361625,0.000375,0.0,0.92625,0.361625,0.024125,0.000375,0.0,Negligible,Negligible,Negligible,True,negative,small,False,False,True
CD4+ T CELLS||Transcriptional_Activation_Signature,CD4+ T CELLS,-0.088,-0.147,-0.034,-0.0197213825647208,-0.0329436731478859,-0.0076196250818239,0.001125,0.998875,0.320625,0.000125,0.0,0.911875,0.320625,0.01875,0.000125,0.0,Negligible,Negligible,Negligible,True,negative,small,False,False,True
CD4+ T CELLS||Treg_Signature,CD4+ T CELLS,-0.089,-0.149,-0.036,-0.0199454891847745,-0.0333918863879932,-0.0080678383219312,0.000625,0.999375,0.33525,0.0,0.0,0.914375,0.33525,0.020375,0.0,0.0,Negligible,Negligible,Negligible,True,negative,small,False,False,True
CD4+ T CELLS||Wound_Healing_Signature,CD4+ T CELLS,-0.089,-0.145,-0.032,-0.0199454891847745,-0.0324954599077787,-0.0071714118417166,0.000625,0.999375,0.33575,0.000125,0.0,0.918625,0.33575,0.021625,0.000125,0.0,Negligible,Negligible,Negligible,True,negative,small,False,False,True
CD4+ T CELLS||mTOR_Activation_Signature,CD4+ T CELLS,-0.09,-0.146,-0.034,-0.0201695958048281,-0.0327195665278323,-0.0076196250818239,0.00075,0.99925,0.33925,0.00025,0.0,0.92325,0.33925,0.022125,0.00025,0.0,Negligible,Negligible,Negligible,True,negative,small,False,False,True
CD8_T_GENERAL||Adipokine_Signaling_Signature,CD8 T GENERAL,0.074,0.02,0.13,0.0165838898839698,0.0044821324010729,0.029133860606974,0.991875,0.008125,0.179875,0.0,0.0,0.812375,0.179875,0.0035,0.0,0.0,Negligible,Negligible,Negligible,True,positive,small,False,False,True
CD8_T_GENERAL||Angiogenesis_Regulation_Signature,CD8 T GENERAL,0.075,0.019,0.131,0.0168079965040234,0.0042580257810192,0.0293579672270276,0.99375,0.00625,0.182125,0.0,0.0,0.8145,0.182125,0.005125,0.0,0.0,Negligible,Negligible,Negligible,True,positive,small,False,False,True
CD8_T_GENERAL||Anti_Apoptotic_Signature,CD8 T GENERAL,0.074,0.019,0.131,0.0165838898839698,0.0042580257810192,0.0293579672270276,0.99325,0.00675,0.17975,0.0,0.0,0.81425,0.17975,0.004125,0.0,0.0,Negligible,Negligible,Negligible,True,positive,small,False,False,True
CD8_T_GENERAL||Autophagy_Regulation_Signature,CD8 T GENERAL,0.075,0.017,0.129,0.0168079965040234,0.0038098125409119,0.0289097539869203,0.9935,0.0065,0.18175,0.0,0.0,0.816625,0.18175,0.00425,0.0,0.0,Negligible,Negligible,Negligible,True,positive,small,False,False,True
CD8_T_GENERAL||CD8_Coreceptor_Signaling_Signature,CD8 T GENERAL,0.074,0.02,0.131,0.0165838898839698,0.0044821324010729,0.0293579672270276,0.9925,0.0075,0.17525,0.0,0.0,0.803125,0.17525,0.00325,0.0,0.0,Negligible,Negligible,Negligible,True,positive,small,False,False,True
CD8_T_GENERAL||CD8_Effector_Function_Signature,CD8 T GENERAL,0.074,0.018,0.132,0.0165838898839698,0.0040339191609656,0.0295820738470813,0.99125,0.00875,0.17725,0.0,0.0,0.806875,0.17725,0.003125,0.0,0.0,Negligible,Negligible,Negligible,True,positive,small,False,False,True
CD8_T_GENERAL||CD8_Metabolic_Programming_Signature,CD8 T GENERAL,0.075,0.02,0.132,0.0168079965040234,0.0044821324010729,0.0295820738470813,0.99375,0.00625,0.1895,0.0,0.0,0.823625,0.1895,0.005125,0.0,0.0,Negligible,Negligible,Negligible,True,positive,small,False,False,True
CD8_T_GENERAL||CD8_Tissue_Homing_Signature,CD8 T GENERAL,0.074,0.014,0.127,0.0165838898839698,0.003137492680751,0.028461540746813,0.992625,0.007375,0.17725,0.0,0.0,0.808125,0.17725,0.004,0.0,0.0,Negligible,Negligible,Negligible,True,positive,small,False,False,True
CD8_T_GENERAL||Cellular_Stress_Response_Signature,CD8 T GENERAL,0.075,0.02,0.131,0.0168079965040234,0.0044821324010729,0.0293579672270276,0.99375,0.00625,0.18275,0.0,0.0,0.81875,0.18275,0.005,0.0,0.0,Negligible,Negligible,Negligible,True,positive,small,False,False,True
CD8_T_GENERAL||Chronic_Activation_Signature,CD8 T GENERAL,0.075,0.017,0.128,0.0168079965040234,0.0038098125409119,0.0286856473668667,0.994375,0.005625,0.183625,0.000125,0.0,0.81525,0.183625,0.003,0.000125,0.0,Negligible,Negligible,Negligible,True,positive,small,False,False,True
CD8_T_GENERAL||Complement_Activation_Signature,CD8 T GENERAL,0.075,0.019,0.13,0.0168079965040234,0.0042580257810192,0.029133860606974,0.994,0.006,0.183875,0.0,0.0,0.81475,0.183875,0.00375,0.0,0.0,Negligible,Negligible,Negligible,True,positive,small,False,False,True
CD8_T_GENERAL||Costimulation_Signature,CD8 T GENERAL,0.075,0.016,0.129,0.0168079965040234,0.0035857059208583,0.0289097539869203,0.99375,0.00625,0.1905,0.0,0.0,0.81625,0.1905,0.004375,0.0,0.0,Negligible,Negligible,Negligible,True,positive,small,False,False,True
CD8_T_GENERAL||ER_Stress_Response_Signature,CD8 T GENERAL,0.075,0.02,0.131,0.0168079965040234,0.0044821324010729,0.0293579672270276,0.993125,0.006875,0.182375,0.0,0.0,0.81725,0.182375,0.0035,0.0,0.0,Negligible,Negligible,Negligible,True,positive,small,False,False,True
CD8_T_GENERAL||Effector_Differentiation_Signature,CD8 T GENERAL,0.074,0.02,0.131,0.0165838898839698,0.0044821324010729,0.0293579672270276,0.992875,0.007125,0.179375,0.0,0.0,0.810625,0.179375,0.003875,0.0,0.0,Negligible,Negligible,Negligible,True,positive,small,False,False,True
CD8_T_GENERAL||Energy_Sensing_Signature,CD8 T GENERAL,0.075,0.018,0.129,0.0168079965040234,0.0040339191609656,0.0289097539869203,0.991875,0.008125,0.18175,0.0,0.0,0.8135,0.18175,0.00425,0.0,0.0,Negligible,Negligible,Negligible,True,positive,small,False,False,True
CD8_T_GENERAL||Fatty_Acid_Oxidation_Signature,CD8 T GENERAL,0.075,0.017,0.129,0.0168079965040234,0.0038098125409119,0.0289097539869203,0.99275,0.00725,0.18225,0.0,0.0,0.81475,0.18225,0.0035,0.0,0.0,Negligible,Negligible,Negligible,True,positive,small,False,False,True
CD8_T_GENERAL||Glycolysis_Signature,CD8 T GENERAL,0.075,0.018,0.13,0.0168079965040234,0.0040339191609656,0.029133860606974,0.993625,0.006375,0.1885,0.0,0.0,0.818875,0.1885,0.004625,0.0,0.0,Negligible,Negligible,Negligible,True,positive,small,False,False,True
CD8_T_GENERAL||Hypoxia_Response_Signature,CD8 T GENERAL,0.075,0.018,0.129,0.0168079965040234,0.0040339191609656,0.0289097539869203,0.994375,0.005625,0.19075,0.000125,0.0,0.82125,0.19075,0.004625,0.000125,0.0,Negligible,Negligible,Negligible,True,positive,small,False,False,True
CD8_T_GENERAL||Immune_Checkpoint_Upregulation_Signature,CD8 T GENERAL,0.074,0.018,0.13,0.0165838898839698,0.0040339191609656,0.029133860606974,0.992875,0.007125,0.179375,0.0,0.0,0.814875,0.179375,0.004375,0.0,0.0,Negligible,Negligible,Negligible,True,positive,small,False,False,True
CD8_T_GENERAL||Immunosenescence_Signature,CD8 T GENERAL,0.074,0.015,0.128,0.0165838898839698,0.0033615993008046,0.0286856473668667,0.9915,0.0085,0.184375,0.0,0.0,0.81325,0.184375,0.004125,0.0,0.0,Negligible,Negligible,Negligible,True,positive,small,False,False,True
CD8_T_GENERAL||Inflammatory_Response_Signature,CD8 T GENERAL,0.074,0.017,0.13,0.0165838898839698,0.0038098125409119,0.029133860606974,0.99325,0.00675,0.178375,0.0,0.0,0.81275,0.178375,0.00475,0.0,0.0,Negligible,Negligible,Negligible,True,positive,small,False,False,True
CD8_T_GENERAL||Lipid_Metabolism_Signature,CD8 T GENERAL,0.075,0.018,0.13,0.0168079965040234,0.0040339191609656,0.029133860606974,0.992875,0.007125,0.181125,0.0,0.0,0.812,0.181125,0.004,0.0,0.0,Negligible,Negligible,Negligible,True,positive,small,False,False,True
CD8_T_GENERAL||Lipid_Peroxidation_Damage_Signature,CD8 T GENERAL,0.075,0.016,0.129,0.0168079965040234,0.0035857059208583,0.0289097539869203,0.9935,0.0065,0.187375,0.0,0.0,0.815125,0.187375,0.00425,0.0,0.0,Negligible,Negligible,Negligible,True,positive,small,False,False,True
CD8_T_GENERAL||MHC_I_Recognition_Signature,CD8 T GENERAL,0.075,0.016,0.129,0.0168079965040234,0.0035857059208583,0.0289097539869203,0.994,0.006,0.187375,0.0,0.0,0.814,0.187375,0.004375,0.0,0.0,Negligible,Negligible,Negligible,True,positive,small,False,False,True
CD8_T_GENERAL||Memory_Formation_Signature,CD8 T GENERAL,0.075,0.018,0.128,0.0168079965040234,0.0040339191609656,0.0286856473668667,0.994625,0.005375,0.179625,0.0,0.0,0.813,0.179625,0.004875,0.0,0.0,Negligible,Negligible,Negligible,True,positive,small,False,False,True
CD8_T_GENERAL||Microbiome_Response_Signature,CD8 T GENERAL,0.075,0.02,0.131,0.0168079965040234,0.0044821324010729,0.0293579672270276,0.993875,0.006125,0.1855,0.0,0.0,0.81925,0.1855,0.004375,0.0,0.0,Negligible,Negligible,Negligible,True,positive,small,False,False,True
CD8_T_GENERAL||Mitochondrial_Function_Signature,CD8 T GENERAL,0.074,0.017,0.129,0.0165838898839698,0.0038098125409119,0.0289097539869203,0.992125,0.007875,0.1815,0.0,0.0,0.813375,0.1815,0.0045,0.0,0.0,Negligible,Negligible,Negligible,True,positive,small,False,False,True
CD8_T_GENERAL||NFAT_Signaling_Signature,CD8 T GENERAL,0.074,0.02,0.132,0.0165838898839698,0.0044821324010729,0.0295820738470813,0.992,0.008,0.179375,0.0,0.0,0.81525,0.179375,0.004125,0.0,0.0,Negligible,Negligible,Negligible,True,positive,small,False,False,True
CD8_T_GENERAL||Oxidative_Stress_Response_Signature,CD8 T GENERAL,0.075,0.019,0.131,0.0168079965040234,0.0042580257810192,0.0293579672270276,0.994625,0.005375,0.185125,0.0,0.0,0.817125,0.185125,0.00375,0.0,0.0,Negligible,Negligible,Negligible,True,positive,small,False,False,True
CD8_T_GENERAL||Perforin_Granzyme_Pathway_Signature,CD8 T GENERAL,0.074,0.017,0.13,0.0165838898839698,0.0038098125409119,0.029133860606974,0.991625,0.008375,0.175125,0.0,0.0,0.80875,0.175125,0.005,0.0,0.0,Negligible,Negligible,Negligible,True,positive,small,False,False,True
CD8_T_GENERAL||Proliferation_Signature,CD8 T GENERAL,0.074,0.017,0.13,0.0165838898839698,0.0038098125409119,0.029133860606974,0.9935,0.0065,0.178875,0.0,0.0,0.81375,0.178875,0.003875,0.0,0.0,Negligible,Negligible,Negligible,True,positive,small,False,False,True
CD8_T_GENERAL||Senescence_Signature,CD8 T GENERAL,0.075,0.019,0.131,0.0168079965040234,0.0042580257810192,0.0293579672270276,0.9935,0.0065,0.18175,0.0,0.0,0.814,0.18175,0.005625,0.0,0.0,Negligible,Negligible,Negligible,True,positive,small,False,False,True
CD8_T_GENERAL||TCR_Signaling_Signature,CD8 T GENERAL,0.074,0.018,0.128,0.0165838898839698,0.0040339191609656,0.0286856473668667,0.991625,0.008375,0.174375,0.0,0.0,0.805,0.174375,0.004,0.0,0.0,Negligible,Negligible,Negligible,True,positive,small,False,False,True
CD8_T_GENERAL||Tissue_Residency_Signature,CD8 T GENERAL,0.074,0.017,0.129,0.0165838898839698,0.0038098125409119,0.0289097539869203,0.992125,0.007875,0.1775,0.0,0.0,0.807625,0.1775,0.003,0.0,0.0,Negligible,Negligible,Negligible,True,positive,small,False,False,True
CD8_T_GENERAL||Wound_Healing_Support_Signature,CD8 T GENERAL,0.075,0.019,0.131,0.0168079965040234,0.0042580257810192,0.0293579672270276,0.993,0.007,0.1955,0.0,0.0,0.819,0.1955,0.005375,0.0,0.0,Negligible,Negligible,Negligible,True,positive,small,False,False,True
CD8_T_GENERAL||mTOR_Signaling_Signature,CD8 T GENERAL,0.075,0.017,0.128,0.0168079965040234,0.0038098125409119,0.0286856473668667,0.993125,0.006875,0.182625,0.0,0.0,0.8145,0.182625,0.0045,0.0,0.0,Negligible,Negligible,Negligible,True,positive,small,False,False,True
DENDRITIC_CELLS||Adipokine_Signaling_Signature,DENDRITIC CELLS,-0.024,-0.08,0.035,-0.0053785588812875,-0.0179285296042917,0.0078437317018776,0.199,0.801,0.007,0.0,0.0,0.17925,0.007,0.0,0.0,0.0,Negligible,Negligible,Negligible,False,none,negligible,False,False,False
DENDRITIC_CELLS||Apoptosis_Regulation_Signature,DENDRITIC CELLS,-0.025,-0.083,0.03,-0.0056026655013411,-0.0186008494644526,0.0067231986016093,0.1835,0.8165,0.006625,0.0,0.0,0.186125,0.006625,0.0,0.0,0.0,Negligible,Negligible,Negligible,False,none,negligible,False,False,False
DENDRITIC_CELLS||Autophagy_Regulation_Signature,DENDRITIC CELLS,-0.025,-0.081,0.032,-0.0056026655013411,-0.0181526362243453,0.0071714118417166,0.186875,0.813125,0.00625,0.0,0.0,0.1885,0.00625,0.0,0.0,0.0,Negligible,Negligible,Negligible,False,none,negligible,False,False,False
DENDRITIC_CELLS||Cell_Proliferation_Signature,DENDRITIC CELLS,-0.025,-0.085,0.028,-0.0056026655013411,-0.0190490627045599,0.006274985361502,0.176875,0.823125,0.007125,0.0,0.0,0.18875,0.007125,0.0,0.0,0.0,Negligible,Negligible,Negligible,False,none,negligible,False,False,False
DENDRITIC_CELLS||Chemokine_Production_Signature,DENDRITIC CELLS,-0.025,-0.085,0.03,-0.0056026655013411,-0.0190490627045599,0.0067231986016093,0.180625,0.819375,0.0065,0.0,0.0,0.1915,0.0065,0.0,0.0,0.0,Negligible,Negligible,Negligible,False,none,negligible,False,False,False
DENDRITIC_CELLS||Complement_Activation_Signature,DENDRITIC CELLS,-0.025,-0.082,0.03,-0.0056026655013411,-0.0183767428443989,0.0067231986016093,0.183875,0.816125,0.006875,0.0,0.0,0.190375,0.006875,0.0,0.0,0.0,Negligible,Negligible,Negligible,False,none,negligible,False,False,False
DENDRITIC_CELLS||Costimulation_Signature,DENDRITIC CELLS,-0.024,-0.086,0.028,-0.0053785588812875,-0.0192731693246135,0.006274985361502,0.19525,0.80475,0.006375,0.0,0.0,0.179,0.006375,0.0,0.0,0.0,Negligible,Negligible,Negligible,False,none,negligible,False,False,False
DENDRITIC_CELLS||Cytokine_Production_Signature,DENDRITIC CELLS,-0.024,-0.084,0.03,-0.0053785588812875,-0.0188249560845062,0.0067231986016093,0.18925,0.81075,0.006625,0.0,0.0,0.181,0.006625,0.000125,0.0,0.0,Negligible,Negligible,Negligible,False,none,negligible,False,False,False
DENDRITIC_CELLS||DNA_Repair_Signature,DENDRITIC CELLS,-0.026,-0.086,0.028,-0.0058267721213948,-0.0192731693246135,0.006274985361502,0.175125,0.824875,0.009,0.0,0.0,0.1985,0.009,0.0,0.0,0.0,Negligible,Negligible,Negligible,False,none,negligible,False,False,False
DENDRITIC_CELLS||Dendritic_Cell_Identity_Signature,DENDRITIC CELLS,-0.024,-0.083,0.032,-0.0053785588812875,-0.0186008494644526,0.0071714118417166,0.193,0.807,0.00525,0.0,0.0,0.180875,0.00525,0.0,0.0,0.0,Negligible,Negligible,Negligible,False,none,negligible,False,False,False
DENDRITIC_CELLS||ER_Stress_Response_Signature,DENDRITIC CELLS,-0.025,-0.083,0.031,-0.0056026655013411,-0.0186008494644526,0.006947305221663,0.179625,0.820375,0.00725,0.0,0.0,0.18825,0.00725,0.000125,0.0,0.0,Negligible,Negligible,Negligible,False,none,negligible,False,False,False
DENDRITIC_CELLS||Fatty_Acid_Oxidation_Signature,DENDRITIC CELLS,-0.023,-0.077,0.037,-0.0051544522612338,-0.0172562097441307,0.0082919449419849,0.205875,0.794125,0.005,0.0,0.0,0.169875,0.005,0.0,0.0,0.0,Negligible,Negligible,Negligible,False,none,negligible,False,False,False
DENDRITIC_CELLS||Glycolysis_Signature,DENDRITIC CELLS,-0.024,-0.085,0.028,-0.0053785588812875,-0.0190490627045599,0.006274985361502,0.1965,0.8035,0.00475,0.0,0.0,0.18575,0.00475,0.0,0.0,0.0,Negligible,Negligible,Negligible,False,none,negligible,False,False,False
DENDRITIC_CELLS||Hedgehog_Signaling_Signature,DENDRITIC CELLS,-0.025,-0.084,0.03,-0.0056026655013411,-0.0188249560845062,0.0067231986016093,0.185,0.815,0.005375,0.0,0.0,0.186625,0.005375,0.0,0.0,0.0,Negligible,Negligible,Negligible,False,none,negligible,False,False,False
DENDRITIC_CELLS||Hypoxia_Response_Signature,DENDRITIC CELLS,-0.023,-0.081,0.033,-0.0051544522612338,-0.0181526362243453,0.0073955184617703,0.205875,0.794125,0.005625,0.0,0.0,0.174625,0.005625,0.0,0.0,0.0,Negligible,Negligible,Negligible,False,none,negligible,False,False,False
DENDRITIC_CELLS||Insulin_Resistance_Signaling_Signature,DENDRITIC CELLS,-0.025,-0.084,0.03,-0.0056026655013411,-0.0188249560845062,0.0067231986016093,0.186375,0.813625,0.007125,0.0,0.0,0.18775,0.007125,0.0,0.0,0.0,Negligible,Negligible,Negligible,False,none,negligible,False,False,False
DENDRITIC_CELLS||JAK_STAT_Signaling_Signature,DENDRITIC CELLS,-0.025,-0.085,0.029,-0.0056026655013411,-0.0190490627045599,0.0064990919815557,0.18375,0.81625,0.006875,0.0,0.0,0.192875,0.006875,0.0,0.0,0.0,Negligible,Negligible,Negligible,False,none,negligible,False,False,False
DENDRITIC_CELLS||Lipid_Metabolism_Signature,DENDRITIC CELLS,-0.023,-0.081,0.033,-0.0051544522612338,-0.0181526362243453,0.0073955184617703,0.20325,0.79675,0.0055,0.0,0.0,0.177875,0.0055,0.0,0.0,0.0,Negligible,Negligible,Negligible,False,none,negligible,False,False,False
DENDRITIC_CELLS||MAPK_Signaling_Signature,DENDRITIC CELLS,-0.025,-0.087,0.027,-0.0056026655013411,-0.0194972759446672,0.0060508787414484,0.186375,0.813625,0.00575,0.0,0.0,0.187125,0.00575,0.0,0.0,0.0,Negligible,Negligible,Negligible,False,none,negligible,False,False,False
DENDRITIC_CELLS||MHC_II_Presentation_Signature,DENDRITIC CELLS,-0.024,-0.083,0.031,-0.0053785588812875,-0.0186008494644526,0.006947305221663,0.19625,0.80375,0.005875,0.0,0.0,0.182,0.005875,0.0,0.0,0.0,Negligible,Negligible,Negligible,False,none,negligible,False,False,False
DENDRITIC_CELLS||MHC_I_Antigen_Processing_Signature,DENDRITIC CELLS,-0.025,-0.084,0.03,-0.0056026655013411,-0.0188249560845062,0.0067231986016093,0.180125,0.819875,0.006625,0.0,0.0,0.187375,0.006625,0.0,0.0,0.0,Negligible,Negligible,Negligible,False,none,negligible,False,False,False
DENDRITIC_CELLS||Maturation_Signature,DENDRITIC CELLS,-0.024,-0.083,0.031,-0.0053785588812875,-0.0186008494644526,0.006947305221663,0.19125,0.80875,0.005625,0.0,0.0,0.184625,0.005625,0.0,0.0,0.0,Negligible,Negligible,Negligible,False,none,negligible,False,False,False
DENDRITIC_CELLS||Migration_Signature,DENDRITIC CELLS,-0.025,-0.085,0.028,-0.0056026655013411,-0.0190490627045599,0.006274985361502,0.184125,0.815875,0.007125,0.0,0.0,0.18675,0.007125,0.0,0.0,0.0,Negligible,Negligible,Negligible,False,none,negligible,False,False,False
DENDRITIC_CELLS||Mitochondrial_Function_Signature,DENDRITIC CELLS,-0.023,-0.082,0.033,-0.0051544522612338,-0.0183767428443989,0.0073955184617703,0.200625,0.799375,0.00525,0.0,0.0,0.17975,0.00525,0.0,0.0,0.0,Negligible,Negligible,Negligible,False,none,negligible,False,False,False
DENDRITIC_CELLS||NF_kB_Signaling_Signature,DENDRITIC CELLS,-0.026,-0.085,0.028,-0.0058267721213948,-0.0190490627045599,0.006274985361502,0.1805,0.8195,0.007625,0.0,0.0,0.20275,0.007625,0.0,0.0,0.0,Negligible,Negligible,Negligible,False,none,negligible,False,False,False
DENDRITIC_CELLS||Notch_Signaling_Signature,DENDRITIC CELLS,-0.026,-0.086,0.028,-0.0058267721213948,-0.0192731693246135,0.006274985361502,0.178875,0.821125,0.00675,0.0,0.0,0.19325,0.00675,0.0,0.0,0.0,Negligible,Negligible,Negligible,False,none,negligible,False,False,False
DENDRITIC_CELLS||Oxidative_Stress_Response_Signature,DENDRITIC CELLS,-0.024,-0.082,0.031,-0.0053785588812875,-0.0183767428443989,0.006947305221663,0.19425,0.80575,0.005375,0.0,0.0,0.1815,0.005375,0.0,0.0,0.0,Negligible,Negligible,Negligible,False,none,negligible,False,False,False
DENDRITIC_CELLS||PI3K_AKT_Signaling_Signature,DENDRITIC CELLS,-0.026,-0.084,0.03,-0.0058267721213948,-0.0188249560845062,0.0067231986016093,0.177625,0.822375,0.007,0.0,0.0,0.19125,0.007,0.0,0.0,0.0,Negligible,Negligible,Negligible,False,none,negligible,False,False,False
DENDRITIC_CELLS||Phagocytosis_Signature,DENDRITIC CELLS,-0.025,-0.082,0.033,-0.0056026655013411,-0.0183767428443989,0.0073955184617703,0.188625,0.811375,0.007,0.0,0.0,0.192125,0.007,0.0,0.0,0.0,Negligible,Negligible,Negligible,False,none,negligible,False,False,False
DENDRITIC_CELLS||Senescence_Signature,DENDRITIC CELLS,-0.025,-0.081,0.032,-0.0056026655013411,-0.0181526362243453,0.0071714118417166,0.18275,0.81725,0.007,0.0,0.0,0.186875,0.007,0.0,0.0,0.0,Negligible,Negligible,Negligible,False,none,negligible,False,False,False
DENDRITIC_CELLS||TGF_Beta_Signaling_Signature,DENDRITIC CELLS,-0.026,-0.085,0.029,-0.0058267721213948,-0.0190490627045599,0.0064990919815557,0.179125,0.820875,0.00725,0.0,0.0,0.197625,0.00725,0.0,0.0,0.0,Negligible,Negligible,Negligible,False,none,negligible,False,False,False
DENDRITIC_CELLS||TLR_Signaling_Signature,DENDRITIC CELLS,-0.027,-0.085,0.027,-0.0060508787414484,-0.0190490627045599,0.0060508787414484,0.165625,0.834375,0.008875,0.0,0.0,0.203875,0.008875,0.0,0.0,0.0,Negligible,Negligible,Negligible,False,none,negligible,False,False,False
DENDRITIC_CELLS||Tolerogenic_Programming_Signature,DENDRITIC CELLS,-0.024,-0.083,0.03,-0.0053785588812875,-0.0186008494644526,0.0067231986016093,0.194,0.806,0.005625,0.0,0.0,0.184625,0.005625,0.0,0.0,0.0,Negligible,Negligible,Negligible,False,none,negligible,False,False,False
DENDRITIC_CELLS||Type_I_Interferon_Production_Signature,DENDRITIC CELLS,-0.026,-0.084,0.029,-0.0058267721213948,-0.0188249560845062,0.0064990919815557,0.1765,0.8235,0.008,0.0,0.0,0.201,0.008,0.0,0.0,0.0,Negligible,Negligible,Negligible,False,none,negligible,False,False,False
DENDRITIC_CELLS||Type_I_Interferon_Response_Signature,DENDRITIC CELLS,-0.028,-0.085,0.03,-0.006274985361502,-0.0190490627045599,0.0067231986016093,0.16525,0.83475,0.01,0.0,0.0,0.213375,0.01,0.00025,0.0,0.0,Negligible,Negligible,Negligible,False,none,negligible,False,False,False
DENDRITIC_CELLS||Wnt_Signaling_Signature,DENDRITIC CELLS,-0.025,-0.083,0.031,-0.0056026655013411,-0.0186008494644526,0.006947305221663,0.18425,0.81575,0.00725,0.0,0.0,0.190125,0.00725,0.0,0.0,0.0,Negligible,Negligible,Negligible,False,none,negligible,False,False,False
DENDRITIC_CELLS||mTOR_Signaling_Signature,DENDRITIC CELLS,-0.026,-0.085,0.029,-0.0058267721213948,-0.0190490627045599,0.0064990919815557,0.172875,0.827125,0.00875,0.0,0.0,0.201875,0.00875,0.000125,0.0,0.0,Negligible,Negligible,Negligible,False,none,negligible,False,False,False
DENDRITIC_CELLS||p53_Pathway_Signature,DENDRITIC CELLS,-0.025,-0.085,0.03,-0.0056026655013411,-0.0190490627045599,0.0067231986016093,0.180125,0.819875,0.0075,0.0,0.0,0.194,0.0075,0.0,0.0,0.0,Negligible,Negligible,Negligible,False,none,negligible,False,False,False
MONOCYTES||Adipose_Signaling_Signature,MONOCYTES,-0.017,-0.077,0.041,-0.0038098125409119,-0.0172562097441307,0.0091883714221994,0.278625,0.721375,0.003625,0.0,0.0,0.134,0.003625,0.0,0.0,0.0,Negligible,Negligible,Negligible,False,none,negligible,False,False,False
MONOCYTES||Angiogenesis_Regulation_Signature,MONOCYTES,-0.019,-0.079,0.037,-0.0042580257810192,-0.017704422984238,0.0082919449419849,0.248,0.752,0.0045,0.0,0.0,0.148375,0.0045,0.0,0.0,0.0,Negligible,Negligible,Negligible,False,none,negligible,False,False,False
MONOCYTES||Autophagy_Regulation_Signature,MONOCYTES,-0.021,-0.078,0.038,-0.0047062390211265,-0.0174803163641844,0.0085160515620385,0.233125,0.766875,0.006,0.0,0.0,0.1685,0.006,0.0,0.0,0.0,Negligible,Negligible,Negligible,False,none,negligible,False,False,False
MONOCYTES||Cellular_Stress_Response_Signature,MONOCYTES,-0.018,-0.079,0.039,-0.0040339191609656,-0.017704422984238,0.0087401581820922,0.26925,0.73075,0.00375,0.0,0.0,0.14325,0.00375,0.0,0.0,0.0,Negligible,Negligible,Negligible,False,none,negligible,False,False,False
MONOCYTES||Checkpoint_Ligand_Expression_Signature,MONOCYTES,-0.02,-0.08,0.036,-0.0044821324010729,-0.0179285296042917,0.0080678383219312,0.23975,0.76025,0.005125,0.0,0.0,0.15025,0.005125,0.0,0.0,0.0,Negligible,Negligible,Negligible,False,none,negligible,False,False,False
MONOCYTES||Chemokine_Production_Signature,MONOCYTES,-0.021,-0.082,0.035,-0.0047062390211265,-0.0183767428443989,0.0078437317018776,0.23725,0.76275,0.00475,0.0,0.0,0.162,0.00475,0.0,0.0,0.0,Negligible,Negligible,Negligible,False,none,negligible,False,False,False
MONOCYTES||Cholesterol_Handling_Signature,MONOCYTES,-0.019,-0.08,0.037,-0.0042580257810192,-0.0179285296042917,0.0082919449419849,0.255,0.745,0.003625,0.0,0.0,0.14925,0.003625,0.0,0.0,0.0,Negligible,Negligible,Negligible,False,none,negligible,False,False,False
MONOCYTES||Complement_Activation_Signature,MONOCYTES,-0.02,-0.082,0.034,-0.0044821324010729,-0.0183767428443989,0.0076196250818239,0.241375,0.758625,0.004875,0.0,0.0,0.1595,0.004875,0.0,0.0,0.0,Negligible,Negligible,Negligible,False,none,negligible,False,False,False
MONOCYTES||Complement_Receptor_Signaling_Signature,MONOCYTES,-0.019,-0.079,0.038,-0.0042580257810192,-0.017704422984238,0.0085160515620385,0.25575,0.74425,0.003375,0.0,0.0,0.151,0.003375,0.0,0.0,0.0,Negligible,Negligible,Negligible,False,none,negligible,False,False,False
MONOCYTES||Danger_Signal_Recognition_Signature,MONOCYTES,-0.021,-0.081,0.036,-0.0047062390211265,-0.0181526362243453,0.0080678383219312,0.2365,0.7635,0.00525,0.0,0.0,0.167,0.00525,0.000125,0.0,0.0,Negligible,Negligible,Negligible,False,none,negligible,False,False,False
MONOCYTES||ER_Stress_Response_Signature,MONOCYTES,-0.021,-0.08,0.036,-0.0047062390211265,-0.0179285296042917,0.0080678383219312,0.2395,0.7605,0.00525,0.0,0.0,0.159875,0.00525,0.0,0.0,0.0,Negligible,Negligible,Negligible,False,none,negligible,False,False,False
MONOCYTES||Efferocytosis_Activity_Signature,MONOCYTES,-0.019,-0.078,0.039,-0.0042580257810192,-0.0174803163641844,0.0087401581820922,0.25825,0.74175,0.004625,0.0,0.0,0.14125,0.004625,0.000125,0.0,0.0,Negligible,Negligible,Negligible,False,none,negligible,False,False,False
MONOCYTES||Epigenetic_Dysregulation_Signature,MONOCYTES,-0.022,-0.078,0.037,-0.0049303456411802,-0.0174803163641844,0.0082919449419849,0.223875,0.776125,0.006125,0.0,0.0,0.168625,0.006125,0.0,0.0,0.0,Negligible,Negligible,Negligible,False,none,negligible,False,False,False
MONOCYTES||Fatty_Acid_Oxidation_Signature,MONOCYTES,-0.017,-0.08,0.039,-0.0038098125409119,-0.0179285296042917,0.0087401581820922,0.275875,0.724125,0.003125,0.0,0.0,0.144,0.003125,0.0,0.0,0.0,Negligible,Negligible,Negligible,False,none,negligible,False,False,False
MONOCYTES||Glucose_Fatty_Acid_Cycle_Signature,MONOCYTES,-0.017,-0.073,0.042,-0.0038098125409119,-0.0163597832639161,0.0094124780422531,0.2745,0.7255,0.00325,0.0,0.0,0.13925,0.00325,0.0,0.0,0.0,Negligible,Negligible,Negligible,False,none,negligible,False,False,False
MONOCYTES||Glycolysis_Signature,MONOCYTES,-0.017,-0.075,0.041,-0.0038098125409119,-0.0168079965040234,0.0091883714221994,0.27425,0.72575,0.0025,0.0,0.0,0.139375,0.0025,0.0,0.0,0.0,Negligible,Negligible,Negligible,False,none,negligible,False,False,False
MONOCYTES||Hypoxia_Response_Signature,MONOCYTES,-0.016,-0.074,0.043,-0.0035857059208583,-0.0165838898839698,0.0096365846623067,0.29275,0.70725,0.003,0.0,0.0,0.13625,0.003,0.0,0.0,0.0,Negligible,Negligible,Negligible,False,none,negligible,False,False,False
MONOCYTES||Immunosenescence_Signature,MONOCYTES,-0.016,-0.073,0.043,-0.0035857059208583,-0.0163597832639161,0.0096365846623067,0.282125,0.717875,0.003125,0.0,0.0,0.134375,0.003125,0.0,0.0,0.0,Negligible,Negligible,Negligible,False,none,negligible,False,False,False
MONOCYTES||Inflammasome_Activity_Signature,MONOCYTES,-0.02,-0.079,0.036,-0.0044821324010729,-0.017704422984238,0.0080678383219312,0.23725,0.76275,0.00475,0.0,0.0,0.15575,0.00475,0.0,0.0,0.0,Negligible,Negligible,Negligible,False,none,negligible,False,False,False
MONOCYTES||Inflammatory_Response_Signature,MONOCYTES,-0.019,-0.078,0.038,-0.0042580257810192,-0.0174803163641844,0.0085160515620385,0.247375,0.752625,0.0045,0.0,0.0,0.15,0.0045,0.000125,0.0,0.0,Negligible,Negligible,Negligible,False,none,negligible,False,False,False
MONOCYTES||Insulin_Resistance_Signaling,MONOCYTES,-0.02,-0.077,0.038,-0.0044821324010729,-0.0172562097441307,0.0085160515620385,0.243125,0.756875,0.005375,0.0,0.0,0.14925,0.005375,0.0,0.0,0.0,Negligible,Negligible,Negligible,False,none,negligible,False,False,False
MONOCYTES||Lipogenesis_Activity_Signature,MONOCYTES,-0.018,-0.077,0.039,-0.0040339191609656,-0.0172562097441307,0.0087401581820922,0.2705,0.7295,0.00275,0.0,0.0,0.144625,0.00275,0.0,0.0,0.0,Negligible,Negligible,Negligible,False,none,negligible,False,False,False
MONOCYTES||Lysosomal_Activity_Signature,MONOCYTES,-0.018,-0.078,0.039,-0.0040339191609656,-0.0174803163641844,0.0087401581820922,0.2685,0.7315,0.003625,0.0,0.0,0.145125,0.003625,0.0,0.0,0.0,Negligible,Negligible,Negligible,False,none,negligible,False,False,False
MONOCYTES||Lysosomal_Biogenesis_Signature,MONOCYTES,-0.019,-0.076,0.041,-0.0042580257810192,-0.0170321031240771,0.0091883714221994,0.25575,0.74425,0.00375,0.0,0.0,0.150375,0.00375,0.0,0.0,0.0,Negligible,Negligible,Negligible,False,none,negligible,False,False,False
MONOCYTES||M1_Polarization_Signature,MONOCYTES,-0.019,-0.077,0.038,-0.0042580257810192,-0.0172562097441307,0.0085160515620385,0.25525,0.74475,0.004125,0.0,0.0,0.148125,0.004125,0.0,0.0,0.0,Negligible,Negligible,Negligible,False,none,negligible,False,False,False
MONOCYTES||M2_Polarization_Signature,MONOCYTES,-0.018,-0.077,0.038,-0.0040339191609656,-0.0172562097441307,0.0085160515620385,0.263,0.737,0.00325,0.0,0.0,0.144125,0.00325,0.0,0.0,0.0,Negligible,Negligible,Negligible,False,none,negligible,False,False,False
MONOCYTES||MHC_II_Antigen_Processing_Signature,MONOCYTES,-0.018,-0.08,0.036,-0.0040339191609656,-0.0179285296042917,0.0080678383219312,0.261875,0.738125,0.00325,0.0,0.0,0.143375,0.00325,0.0,0.0,0.0,Negligible,Negligible,Negligible,False,none,negligible,False,False,False
MONOCYTES||MHC_II_Presentation_Signature,MONOCYTES,-0.017,-0.073,0.043,-0.0038098125409119,-0.0163597832639161,0.0096365846623067,0.27475,0.72525,0.00275,0.0,0.0,0.136375,0.00275,0.0,0.0,0.0,Negligible,Negligible,Negligible,False,none,negligible,False,False,False
MONOCYTES||Matrix_Remodeling_Activity_Signature,MONOCYTES,-0.019,-0.079,0.037,-0.0042580257810192,-0.017704422984238,0.0082919449419849,0.257,0.743,0.004,0.0,0.0,0.146375,0.004,0.0,0.0,0.0,Negligible,Negligible,Negligible,False,none,negligible,False,False,False
MONOCYTES||Microbiome_Response_Signature,MONOCYTES,-0.022,-0.082,0.034,-0.0049303456411802,-0.0183767428443989,0.0076196250818239,0.223375,0.776625,0.006375,0.0,0.0,0.17125,0.006375,0.0,0.0,0.0,Negligible,Negligible,Negligible,False,none,negligible,False,False,False
MONOCYTES||Mitochondrial_Function_Signature,MONOCYTES,-0.018,-0.078,0.037,-0.0040339191609656,-0.0174803163641844,0.0082919449419849,0.260125,0.739875,0.003625,0.0,0.0,0.13925,0.003625,0.0,0.0,0.0,Negligible,Negligible,Negligible,False,none,negligible,False,False,False
MONOCYTES||Monocyte_Activation_Signature,MONOCYTES,-0.019,-0.074,0.042,-0.0042580257810192,-0.0165838898839698,0.0094124780422531,0.25725,0.74275,0.003625,0.0,0.0,0.14375,0.003625,0.0,0.0,0.0,Negligible,Negligible,Negligible,False,none,negligible,False,False,False
MONOCYTES||Monocyte_Subset_Plasticity_Signature,MONOCYTES,-0.019,-0.077,0.039,-0.0042580257810192,-0.0172562097441307,0.0087401581820922,0.258125,0.741875,0.004375,0.0,0.0,0.14825,0.004375,0.0,0.0,0.0,Negligible,Negligible,Negligible,False,none,negligible,False,False,False
MONOCYTES||Oxidative_Stress_Response_Signature,MONOCYTES,-0.019,-0.079,0.036,-0.0042580257810192,-0.017704422984238,0.0080678383219312,0.257875,0.742125,0.004,0.0,0.0,0.150875,0.004,0.0,0.0,0.0,Negligible,Negligible,Negligible,False,none,negligible,False,False,False
MONOCYTES||Phagocytic_Cup_Formation_Signature,MONOCYTES,-0.02,-0.083,0.034,-0.0044821324010729,-0.0186008494644526,0.0076196250818239,0.24475,0.75525,0.004125,0.0,0.0,0.160125,0.004125,0.0,0.0,0.0,Negligible,Negligible,Negligible,False,none,negligible,False,False,False
MONOCYTES||Phagocytosis_Signature,MONOCYTES,-0.018,-0.078,0.039,-0.0040339191609656,-0.0174803163641844,0.0087401581820922,0.2695,0.7305,0.004375,0.0,0.0,0.14275,0.004375,0.0,0.0,0.0,Negligible,Negligible,Negligible,False,none,negligible,False,False,False
MONOCYTES||Senescence_Signature,MONOCYTES,-0.019,-0.08,0.036,-0.0042580257810192,-0.0179285296042917,0.0080678383219312,0.245875,0.754125,0.005125,0.0,0.0,0.152375,0.005125,0.0,0.0,0.0,Negligible,Negligible,Negligible,False,none,negligible,False,False,False
MONOCYTES||TLR_Signaling_Signature,MONOCYTES,-0.023,-0.082,0.034,-0.0051544522612338,-0.0183767428443989,0.0076196250818239,0.215125,0.784875,0.008125,0.0,0.0,0.180875,0.008125,0.000125,0.0,0.0,Negligible,Negligible,Negligible,False,none,negligible,False,False,False
MONOCYTES||Wound_Healing_Support_Signature,MONOCYTES,-0.018,-0.074,0.042,-0.0040339191609656,-0.0165838898839698,0.0094124780422531,0.2635,0.7365,0.003375,0.0,0.0,0.14425,0.003375,0.0,0.0,0.0,Negligible,Negligible,Negligible,False,none,negligible,False,False,False
MONOCYTES||mTOR_Activation_Signature,MONOCYTES,-0.023,-0.081,0.034,-0.0051544522612338,-0.0181526362243453,0.0076196250818239,0.221125,0.778875,0.0075,0.0,0.0,0.175375,0.0075,0.0,0.0,0.0,Negligible,Negligible,Negligible,False,none,negligible,False,False,False
NK_CELLS||ADCC_Function_Signature,NK CELLS,-0.01,-0.066,0.047,-0.0022410662005364,-0.0147910369235406,0.0105330111425213,0.36275,0.63725,0.001125,0.0,0.0,0.099,0.001125,0.0,0.0,0.0,Negligible,Negligible,Negligible,False,none,negligible,False,False,False
NK_CELLS||Adipokine_Signaling_Signature,NK CELLS,-0.011,-0.067,0.045,-0.0024651728205901,-0.0150151435435943,0.010084797902414,0.352125,0.647875,0.00125,0.0,0.0,0.1005,0.00125,0.0,0.0,0.0,Negligible,Negligible,Negligible,False,none,negligible,False,False,False
NK_CELLS||Angiogenesis_Regulation_Signature,NK CELLS,-0.011,-0.067,0.046,-0.0024651728205901,-0.0150151435435943,0.0103089045224677,0.342625,0.657375,0.0015,0.0,0.0,0.0985,0.0015,0.0,0.0,0.0,Negligible,Negligible,Negligible,False,none,negligible,False,False,False
NK_CELLS||Apoptosis_Regulation_Signature,NK CELLS,-0.012,-0.07,0.044,-0.0026892794406437,-0.0156874634037552,0.0098606912823604,0.338375,0.661625,0.001375,0.0,0.0,0.10375,0.001375,0.0,0.0,0.0,Negligible,Negligible,Negligible,False,none,negligible,False,False,False
NK_CELLS||Autophagy_Regulation_Signature,NK CELLS,-0.012,-0.072,0.042,-0.0026892794406437,-0.0161356766438625,0.0094124780422531,0.335375,0.664625,0.001875,0.0,0.0,0.10675,0.001875,0.0,0.0,0.0,Negligible,Negligible,Negligible,False,none,negligible,False,False,False
NK_CELLS||Cell_Proliferation_Signature,NK CELLS,-0.012,-0.069,0.044,-0.0026892794406437,-0.0154633567837015,0.0098606912823604,0.335125,0.664875,0.001875,0.0,0.0,0.108125,0.001875,0.0,0.0,0.0,Negligible,Negligible,Negligible,False,none,negligible,False,False,False
NK_CELLS||Cellular_Stress_Response_Signature,NK CELLS,-0.01,-0.068,0.046,-0.0022410662005364,-0.0152392501636479,0.0103089045224677,0.363,0.637,0.001125,0.0,0.0,0.097875,0.001125,0.0,0.0,0.0,Negligible,Negligible,Negligible,False,none,negligible,False,False,False
NK_CELLS||Complement_Activation_Signature,NK CELLS,-0.013,-0.074,0.04,-0.0029133860606974,-0.0165838898839698,0.0089642648021458,0.32025,0.67975,0.002,0.0,0.0,0.112,0.002,0.0,0.0,0.0,Negligible,Negligible,Negligible,False,none,negligible,False,False,False
NK_CELLS||Cytokine_Production_Signature,NK CELLS,-0.011,-0.07,0.044,-0.0024651728205901,-0.0156874634037552,0.0098606912823604,0.345375,0.654625,0.001,0.0,0.0,0.104625,0.001,0.0,0.0,0.0,Negligible,Negligible,Negligible,False,none,negligible,False,False,False
NK_CELLS||Cytotoxicity_Signature,NK CELLS,-0.011,-0.07,0.043,-0.0024651728205901,-0.0156874634037552,0.0096365846623067,0.3515,0.6485,0.001125,0.0,0.0,0.103,0.001125,0.0,0.0,0.0,Negligible,Negligible,Negligible,False,none,negligible,False,False,False
NK_CELLS||DNA_Repair_Signature,NK CELLS,-0.013,-0.071,0.042,-0.0029133860606974,-0.0159115700238088,0.0094124780422531,0.32475,0.67525,0.0025,0.0,0.0,0.107125,0.0025,0.0,0.0,0.0,Negligible,Negligible,Negligible,False,none,negligible,False,False,False
NK_CELLS||Degranulation_Signature,NK CELLS,-0.011,-0.066,0.046,-0.0024651728205901,-0.0147910369235406,0.0103089045224677,0.353125,0.646875,0.001375,0.0,0.0,0.098875,0.001375,0.0,0.0,0.0,Negligible,Negligible,Negligible,False,none,negligible,False,False,False
NK_CELLS||ER_Stress_Response_Signature,NK CELLS,-0.012,-0.069,0.043,-0.0026892794406437,-0.0154633567837015,0.0096365846623067,0.333375,0.666625,0.00175,0.0,0.0,0.103625,0.00175,0.0,0.0,0.0,Negligible,Negligible,Negligible,False,none,negligible,False,False,False
NK_CELLS||Epigenetic_Silencing_Signature,NK CELLS,-0.013,-0.068,0.044,-0.0029133860606974,-0.0152392501636479,0.0098606912823604,0.321875,0.678125,0.00175,0.0,0.0,0.10775,0.00175,0.0,0.0,0.0,Negligible,Negligible,Negligible,False,none,negligible,False,False,False
NK_CELLS||Fatty_Acid_Oxidation_Signature,NK CELLS,-0.009,-0.065,0.05,-0.0020169595804828,-0.014566930303487,0.0112053310026823,0.3765,0.6235,0.00175,0.0,0.0,0.1,0.00175,0.000125,0.0,0.0,Negligible,Negligible,Negligible,False,none,negligible,False,False,False
NK_CELLS||Glycolysis_Signature,NK CELLS,-0.01,-0.069,0.045,-0.0022410662005364,-0.0154633567837015,0.010084797902414,0.358375,0.641625,0.001125,0.0,0.0,0.099375,0.001125,0.0,0.0,0.0,Negligible,Negligible,Negligible,False,none,negligible,False,False,False
NK_CELLS||Hedgehog_Signaling_Signature,NK CELLS,-0.012,-0.067,0.045,-0.0026892794406437,-0.0150151435435943,0.010084797902414,0.3355,0.6645,0.001875,0.0,0.0,0.103875,0.001875,0.0,0.0,0.0,Negligible,Negligible,Negligible,False,none,negligible,False,False,False
NK_CELLS||Hypoxia_Response_Signature,NK CELLS,-0.009,-0.067,0.047,-0.0020169595804828,-0.0150151435435943,0.0105330111425213,0.373125,0.626875,0.001,0.0,0.0,0.097,0.001,0.0,0.0,0.0,Negligible,Negligible,Negligible,False,none,negligible,False,False,False
NK_CELLS||Immunosenescence_Signature,NK CELLS,-0.01,-0.067,0.047,-0.0022410662005364,-0.0150151435435943,0.0105330111425213,0.37025,0.62975,0.00075,0.0,0.0,0.098,0.00075,0.0,0.0,0.0,Negligible,Negligible,Negligible,False,none,negligible,False,False,False
NK_CELLS||Inhibitory_Receptor_Signature,NK CELLS,-0.011,-0.068,0.045,-0.0024651728205901,-0.0152392501636479,0.010084797902414,0.34875,0.65125,0.0015,0.0,0.0,0.103125,0.0015,0.0,0.0,0.0,Negligible,Negligible,Negligible,False,none,negligible,False,False,False
NK_CELLS||JAK_STAT_Signaling_Signature,NK CELLS,-0.012,-0.067,0.044,-0.0026892794406437,-0.0150151435435943,0.0098606912823604,0.33975,0.66025,0.00125,0.0,0.0,0.104,0.00125,0.0,0.0,0.0,Negligible,Negligible,Negligible,False,none,negligible,False,False,False
NK_CELLS||KIR_Signaling_Signature,NK CELLS,-0.011,-0.069,0.044,-0.0024651728205901,-0.0154633567837015,0.0098606912823604,0.350875,0.649125,0.001875,0.0,0.0,0.103,0.001875,0.0,0.0,0.0,Negligible,Negligible,Negligible,False,none,negligible,False,False,False
NK_CELLS||Lipid_Metabolism_Signature,NK CELLS,-0.01,-0.069,0.045,-0.0022410662005364,-0.0154633567837015,0.010084797902414,0.36475,0.63525,0.00075,0.0,0.0,0.09925,0.00075,0.0,0.0,0.0,Negligible,Negligible,Negligible,False,none,negligible,False,False,False
NK_CELLS||Lipid_Peroxidation_Signature,NK CELLS,-0.012,-0.067,0.045,-0.0026892794406437,-0.0150151435435943,0.010084797902414,0.347125,0.652875,0.00175,0.0,0.0,0.1065,0.00175,0.0,0.0,0.0,Negligible,Negligible,Negligible,False,none,negligible,False,False,False
NK_CELLS||MAPK_Signaling_Signature,NK CELLS,-0.012,-0.071,0.043,-0.0026892794406437,-0.0159115700238088,0.0096365846623067,0.346125,0.653875,0.001875,0.0,0.0,0.10325,0.001875,0.0,0.0,0.0,Negligible,Negligible,Negligible,False,none,negligible,False,False,False
NK_CELLS||Microbiome_Response_Signature,NK CELLS,-0.014,-0.07,0.042,-0.003137492680751,-0.0156874634037552,0.0094124780422531,0.319625,0.680375,0.00175,0.0,0.0,0.112,0.00175,0.0,0.0,0.0,Negligible,Negligible,Negligible,False,none,negligible,False,False,False
NK_CELLS||Migration_Signature,NK CELLS,-0.013,-0.069,0.045,-0.0029133860606974,-0.0154633567837015,0.010084797902414,0.33275,0.66725,0.002,0.0,0.0,0.109,0.002,0.0,0.0,0.0,Negligible,Negligible,Negligible,False,none,negligible,False,False,False
NK_CELLS||Mitochondrial_Function_Signature,NK CELLS,-0.01,-0.068,0.045,-0.0022410662005364,-0.0152392501636479,0.010084797902414,0.3615,0.6385,0.00125,0.0,0.0,0.098875,0.00125,0.0,0.0,0.0,Negligible,Negligible,Negligible,False,none,negligible,False,False,False
NK_CELLS||NCR_Signature,NK CELLS,-0.011,-0.07,0.046,-0.0024651728205901,-0.0156874634037552,0.0103089045224677,0.35675,0.64325,0.001625,0.0,0.0,0.10575,0.001625,0.0,0.0,0.0,Negligible,Negligible,Negligible,False,none,negligible,False,False,False
NK_CELLS||NF_kB_Signaling_Signature,NK CELLS,-0.013,-0.068,0.044,-0.0029133860606974,-0.0152392501636479,0.0098606912823604,0.332625,0.667375,0.0015,0.0,0.0,0.1095,0.0015,0.000125,0.0,0.0,Negligible,Negligible,Negligible,False,none,negligible,False,False,False
NK_CELLS||NK_Cell_Exhaustion_Signature,NK CELLS,-0.011,-0.067,0.046,-0.0024651728205901,-0.0150151435435943,0.0103089045224677,0.342125,0.657875,0.001625,0.0,0.0,0.101,0.001625,0.0,0.0,0.0,Negligible,Negligible,Negligible,False,none,negligible,False,False,False
NK_CELLS||NK_Cell_Identity_Signature,NK CELLS,-0.011,-0.069,0.045,-0.0024651728205901,-0.0154633567837015,0.010084797902414,0.359125,0.640875,0.001125,0.0,0.0,0.10175,0.001125,0.0,0.0,0.0,Negligible,Negligible,Negligible,False,none,negligible,False,False,False
NK_CELLS||NK_Cell_Maturation_Signature,NK CELLS,-0.011,-0.069,0.043,-0.0024651728205901,-0.0154633567837015,0.0096365846623067,0.351625,0.648375,0.001375,0.0,0.0,0.10375,0.001375,0.0,0.0,0.0,Negligible,Negligible,Negligible,False,none,negligible,False,False,False
NK_CELLS||NK_Development_Signature,NK CELLS,-0.012,-0.07,0.042,-0.0026892794406437,-0.0156874634037552,0.0094124780422531,0.3425,0.6575,0.001375,0.0,0.0,0.103375,0.001375,0.0,0.0,0.0,Negligible,Negligible,Negligible,False,none,negligible,False,False,False
NK_CELLS||Notch_Signaling_Signature,NK CELLS,-0.013,-0.068,0.045,-0.0029133860606974,-0.0152392501636479,0.010084797902414,0.332,0.668,0.00175,0.0,0.0,0.108625,0.00175,0.0,0.0,0.0,Negligible,Negligible,Negligible,False,none,negligible,False,False,False
NK_CELLS||Oxidative_Stress_Response_Signature,NK CELLS,-0.011,-0.067,0.045,-0.0024651728205901,-0.0150151435435943,0.010084797902414,0.35125,0.64875,0.001875,0.0,0.0,0.09975,0.001875,0.0,0.0,0.0,Negligible,Negligible,Negligible,False,none,negligible,False,False,False
NK_CELLS||PI3K_AKT_Signaling_Signature,NK CELLS,-0.013,-0.071,0.042,-0.0029133860606974,-0.0159115700238088,0.0094124780422531,0.327375,0.672625,0.0025,0.0,0.0,0.111125,0.0025,0.0,0.0,0.0,Negligible,Negligible,Negligible,False,none,negligible,False,False,False
NK_CELLS||Senescence_Signature,NK CELLS,-0.012,-0.068,0.045,-0.0026892794406437,-0.0152392501636479,0.010084797902414,0.34625,0.65375,0.001,0.0,0.0,0.10375,0.001,0.0,0.0,0.0,Negligible,Negligible,Negligible,False,none,negligible,False,False,False
NK_CELLS||TGF_Beta_Signaling_Signature,NK CELLS,-0.013,-0.071,0.041,-0.0029133860606974,-0.0159115700238088,0.0091883714221994,0.32175,0.67825,0.00275,0.0,0.0,0.109,0.00275,0.0,0.0,0.0,Negligible,Negligible,Negligible,False,none,negligible,False,False,False
NK_CELLS||Tissue_Residency_Signature,NK CELLS,-0.013,-0.071,0.042,-0.0029133860606974,-0.0159115700238088,0.0094124780422531,0.324125,0.675875,0.0015,0.0,0.0,0.112,0.0015,0.0,0.0,0.0,Negligible,Negligible,Negligible,False,none,negligible,False,False,False
NK_CELLS||Type_I_Interferon_Response_Signature,NK CELLS,-0.014,-0.072,0.041,-0.003137492680751,-0.0161356766438625,0.0091883714221994,0.316875,0.683125,0.00275,0.0,0.0,0.1125,0.00275,0.0,0.0,0.0,Negligible,Negligible,Negligible,False,none,negligible,False,False,False
NK_CELLS||Wnt_Signaling_Signature,NK CELLS,-0.012,-0.069,0.044,-0.0026892794406437,-0.0154633567837015,0.0098606912823604,0.3295,0.6705,0.001375,0.0,0.0,0.10675,0.001375,0.0,0.0,0.0,Negligible,Negligible,Negligible,False,none,negligible,False,False,False
NK_CELLS||Wound_Healing_Support_Signature,NK CELLS,-0.011,-0.068,0.045,-0.0024651728205901,-0.0152392501636479,0.010084797902414,0.354625,0.645375,0.001125,0.0,0.0,0.101125,0.001125,0.0,0.0,0.0,Negligible,Negligible,Negligible,False,none,negligible,False,False,False
NK_CELLS||mTOR_Signaling_Signature,NK CELLS,-0.013,-0.071,0.042,-0.0029133860606974,-0.0159115700238088,0.0094124780422531,0.328125,0.671875,0.002,0.0,0.0,0.106875,0.002,0.0,0.0,0.0,Negligible,Negligible,Negligible,False,none,negligible,False,False,False
NK_CELLS||p53_Pathway_Signature,NK CELLS,-0.012,-0.069,0.044,-0.0026892794406437,-0.0154633567837015,0.0098606912823604,0.342375,0.657625,0.0015,0.0,0.0,0.104625,0.0015,0.0,0.0,0.0,Negligible,Negligible,Negligible,False,none,negligible,False,False,False
T_CELLS||Adipokine_Signaling_Signature,T CELLS,0.067,0.01,0.128,0.0150151435435943,0.0022410662005364,0.0286856473668667,0.983875,0.016125,0.126375,0.0,0.0,0.7215,0.126375,0.003,0.0,0.0,Negligible,Negligible,Negligible,True,positive,small,False,False,True
T_CELLS||Apoptosis_Regulation_Signature,T CELLS,0.068,0.008,0.125,0.0152392501636479,0.0017928529604291,0.0280133275067057,0.98475,0.01525,0.128625,0.000125,0.0,0.73425,0.128625,0.003375,0.000125,0.0,Negligible,Negligible,Negligible,True,positive,small,False,False,True
T_CELLS||Autophagy_Regulation_Signature,T CELLS,0.069,0.008,0.127,0.0154633567837015,0.0017928529604291,0.028461540746813,0.985,0.015,0.139125,0.0,0.0,0.74225,0.139125,0.00425,0.0,0.0,Negligible,Negligible,Negligible,True,positive,small,False,False,True
T_CELLS||Cell_Migration_Signature,T CELLS,0.066,0.009,0.126,0.0147910369235406,0.0020169595804828,0.0282374341267594,0.98275,0.01725,0.122,0.0,0.0,0.719,0.122,0.0025,0.0,0.0,Negligible,Negligible,Negligible,True,positive,small,False,False,True
T_CELLS||Cell_Proliferation_Signature,T CELLS,0.065,0.007,0.126,0.014566930303487,0.0015687463403755,0.0282374341267594,0.97925,0.02075,0.116,0.0,0.0,0.711375,0.116,0.002125,0.0,0.0,Negligible,Negligible,Negligible,True,positive,small,False,False,True
T_CELLS||Chemokine_Production_Signature,T CELLS,0.064,0.001,0.12,0.0143428236834333,0.0002241066200536,0.0268927944064375,0.975375,0.024625,0.10275,0.0,0.0,0.691625,0.10275,0.0015,0.0,0.0,Negligible,Negligible,Negligible,True,positive,small,False,False,True
T_CELLS||Chronic_Activation_Signature,T CELLS,0.069,0.008,0.127,0.0154633567837015,0.0017928529604291,0.028461540746813,0.985,0.015,0.139125,0.000125,0.0,0.74175,0.139125,0.003125,0.000125,0.0,Negligible,Negligible,Negligible,True,positive,small,False,False,True
T_CELLS||Complement_Activation_Signature,T CELLS,0.065,0.005,0.124,0.014566930303487,0.0011205331002682,0.0277892208866521,0.98075,0.01925,0.112375,0.0,0.0,0.707375,0.112375,0.001875,0.0,0.0,Negligible,Negligible,Negligible,True,positive,small,False,False,True
T_CELLS||Costimulation_Signature,T CELLS,0.069,0.008,0.126,0.0154633567837015,0.0017928529604291,0.0282374341267594,0.986125,0.013875,0.137375,0.000125,0.0,0.740875,0.137375,0.004125,0.000125,0.0,Negligible,Negligible,Negligible,True,positive,small,False,False,True
T_CELLS||Cytotoxic_Function_Signature,T CELLS,0.066,0.006,0.125,0.0147910369235406,0.0013446397203218,0.0280133275067057,0.98,0.02,0.12375,0.0,0.0,0.716625,0.12375,0.003125,0.0,0.0,Negligible,Negligible,Negligible,True,positive,small,False,False,True
T_CELLS||DNA_Repair_Signature,T CELLS,0.066,0.005,0.123,0.0147910369235406,0.0011205331002682,0.0275651142665984,0.982375,0.017625,0.119875,0.000125,0.0,0.716625,0.119875,0.002875,0.000125,0.0,Negligible,Negligible,Negligible,True,positive,small,False,False,True
T_CELLS||ER_Stress_Response_Signature,T CELLS,0.07,0.011,0.129,0.0156874634037552,0.0024651728205901,0.0289097539869203,0.985875,0.014125,0.150875,0.000125,0.0,0.7535,0.150875,0.00475,0.000125,0.0,Negligible,Negligible,Negligible,True,positive,small,False,False,True
T_CELLS||Fatty_Acid_Oxidation_Signature,T CELLS,0.071,0.01,0.129,0.0159115700238088,0.0022410662005364,0.0289097539869203,0.989125,0.010875,0.15625,0.000125,0.0,0.766875,0.15625,0.005875,0.000125,0.0,Negligible,Negligible,Negligible,True,positive,small,False,False,True
T_CELLS||Glycolysis_Signature,T CELLS,0.069,0.011,0.13,0.0154633567837015,0.0024651728205901,0.029133860606974,0.986125,0.013875,0.134875,0.0,0.0,0.746375,0.134875,0.0045,0.0,0.0,Negligible,Negligible,Negligible,True,positive,small,False,False,True
T_CELLS||Hypoxia_Response_Signature,T CELLS,0.071,0.011,0.131,0.0159115700238088,0.0024651728205901,0.0293579672270276,0.98775,0.01225,0.15375,0.000125,0.0,0.761125,0.15375,0.00625,0.000125,0.0,Negligible,Negligible,Negligible,True,positive,small,False,False,True
T_CELLS||Inflammatory_Response_Signature,T CELLS,0.067,0.007,0.125,0.0150151435435943,0.0015687463403755,0.0280133275067057,0.9825,0.0175,0.127125,0.0,0.0,0.722875,0.127125,0.0025,0.0,0.0,Negligible,Negligible,Negligible,True,positive,small,False,False,True
T_CELLS||JAK_STAT_Signaling_Signature,T CELLS,0.068,0.009,0.126,0.0152392501636479,0.0020169595804828,0.0282374341267594,0.984,0.016,0.132375,0.0,0.0,0.7375,0.132375,0.00375,0.0,0.0,Negligible,Negligible,Negligible,True,positive,small,False,False,True
T_CELLS||Lipid_Metabolism_Signature,T CELLS,0.069,0.009,0.126,0.0154633567837015,0.0020169595804828,0.0282374341267594,0.9875,0.0125,0.142,0.000125,0.0,0.742875,0.142,0.00425,0.000125,0.0,Negligible,Negligible,Negligible,True,positive,small,False,False,True
T_CELLS||MAPK_Signaling_Signature,T CELLS,0.069,0.008,0.127,0.0154633567837015,0.0017928529604291,0.028461540746813,0.98725,0.01275,0.144125,0.0,0.0,0.7485,0.144125,0.0045,0.0,0.0,Negligible,Negligible,Negligible,True,positive,small,False,False,True
T_CELLS||Memory_Formation_Signature,T CELLS,0.067,0.004,0.122,0.0150151435435943,0.0008964264802145,0.0273410076465448,0.983,0.017,0.12375,0.0,0.0,0.72475,0.12375,0.00325,0.0,0.0,Negligible,Negligible,Negligible,True,positive,small,False,False,True
T_CELLS||Mitochondrial_Function_Signature,T CELLS,0.071,0.012,0.132,0.0159115700238088,0.0026892794406437,0.0295820738470813,0.988125,0.011875,0.155,0.000125,0.0,0.75925,0.155,0.00625,0.000125,0.0,Negligible,Negligible,Negligible,True,positive,small,False,False,True
T_CELLS||NF_kB_Signaling_Signature,T CELLS,0.067,0.007,0.126,0.0150151435435943,0.0015687463403755,0.0282374341267594,0.982,0.018,0.12325,0.0,0.0,0.723125,0.12325,0.002375,0.0,0.0,Negligible,Negligible,Negligible,True,positive,small,False,False,True
T_CELLS||Oxidative_Stress_Response_Signature,T CELLS,0.069,0.006,0.125,0.0154633567837015,0.0013446397203218,0.0280133275067057,0.985875,0.014125,0.141,0.0,0.0,0.740375,0.141,0.005125,0.0,0.0,Negligible,Negligible,Negligible,True,positive,small,False,False,True
T_CELLS||PI3K_AKT_Signaling_Signature,T CELLS,0.067,0.005,0.124,0.0150151435435943,0.0011205331002682,0.0277892208866521,0.9825,0.0175,0.12675,0.0,0.0,0.7325,0.12675,0.002625,0.0,0.0,Negligible,Negligible,Negligible,True,positive,small,False,False,True
T_CELLS||Senescence_Signature,T CELLS,0.068,0.008,0.126,0.0152392501636479,0.0017928529604291,0.0282374341267594,0.984125,0.015875,0.129625,0.0,0.0,0.733875,0.129625,0.003625,0.0,0.0,Negligible,Negligible,Negligible,True,positive,small,False,False,True
T_CELLS||TCR_Signaling_Signature,T CELLS,0.067,0.006,0.125,0.0150151435435943,0.0013446397203218,0.0280133275067057,0.981625,0.018375,0.12725,0.0,0.0,0.731,0.12725,0.00275,0.0,0.0,Negligible,Negligible,Negligible,True,positive,small,False,False,True
T_CELLS||T_Cell_Activation_Signature,T CELLS,0.068,0.009,0.127,0.0152392501636479,0.0020169595804828,0.028461540746813,0.984375,0.015625,0.131375,0.0,0.0,0.73575,0.131375,0.003125,0.0,0.0,Negligible,Negligible,Negligible,True,positive,small,False,False,True
T_CELLS||T_Cell_Identity_Signature,T CELLS,0.068,0.007,0.126,0.0152392501636479,0.0015687463403755,0.0282374341267594,0.985625,0.014375,0.1345,0.0,0.0,0.736875,0.1345,0.00275,0.0,0.0,Negligible,Negligible,Negligible,True,positive,small,False,False,True
T_CELLS||Type_I_Interferon_Response_Signature,T CELLS,0.062,0.002,0.124,0.013894610443326,0.0004482132401072,0.0277892208866521,0.968,0.032,0.0965,0.0,0.0,0.6685,0.0965,0.0015,0.0,0.0,Negligible,Negligible,Negligible,True,positive,small,False,False,True
T_CELLS||mTOR_Signaling_Signature,T CELLS,0.068,0.01,0.127,0.0152392501636479,0.0022410662005364,0.028461540746813,0.985125,0.014875,0.131375,0.000125,0.0,0.734375,0.131375,0.00325,0.000125,0.0,Negligible,Negligible,Negligible,True,positive,small,False,False,True
T_CELLS||p53_Pathway_Signature,T CELLS,0.067,0.006,0.125,0.0150151435435943,0.0013446397203218,0.0280133275067057,0.982125,0.017875,0.12325,0.0,0.0,0.7205,0.12325,0.003375,0.0,0.0,Negligible,Negligible,Negligible,True,positive,small,False,False,True
