canonical_celltype,compartment,signature_count,signature_names,interactome_count,interactome_names,has_signatures,has_interactome,status
B_CELLS,immune_fine,3,B CELLS;B_CELLS;PLASMA_CELLS,2,B;Plasma,True,True,FULLY_MAPPED
B_CELLS_NAIVE,immune_fine,2,B_CELLS_NAIVE;B_NAIVE,2,Bm;Bn,True,True,FULLY_MAPPED
BASOPHILS,immune_fine,1,BASOPHILS,1,Eosinophil,True,True,FULLY_MAPPED
CD4_T_NAIVE,immune_fine,2,CD4_TNAIVE;CD4_T_NAIVE,0,NO_INTERACTOME,True,False,SIGNATURE_ONLY
CD4_T_REGULATORY,immune_fine,2,CD4_TREG;CD4_T_REGULATORY,5,CD4+ISG+ Treg;CD4+S1PR1+ Treg;CD4+TNFRSF9+ Treg;CD4+TNFRSF9- Treg;Treg,True,True,FULLY_MAPPED
CD4_T_TH1,immune_fine,2,CD4_TH1;CD4_T_TH1,1,Th1,True,True,FULLY_MAPPED
CD4_TFH,immune_fine,1,CD4_TFH,4,CD4+CXCR5+ pre-Tfh;CD4+IFNG+ Tfh/Th1;CD4+IL21+ Tfh;Tfh,True,True,FULLY_MAPPED
CD4+_T_CELLS,immune_fine,6,CD4+ T CELLS;CD4_TEX;CD4_TH17;CD4_TH2;CD4_TH22;CD4_TRM,22,CD4 Tn;CD4+ADSL+ Tn;CD4+AREG+ Tm;CD4+CAPG+ Tm;CD4+CAPG+CREM- Tm;CD4+CCL5+ Tm;CD4+CCR6+ Th17;CD4+CREM+ Tm;CD4+GZMK+ Tem;CD4+IL26+ Th17;CD4+IL7R- Tn;CD4+ISG+ Th;CD4+NME1+CCR4+ T;CD4+NME1+CCR4- T;CD4+TIMP1+ Tm;CD4+TNF+ T;CD4+Temra;CD4+Tn;Th;Th2;aCD4 Tm;rCD4 Tm,True,True,FULLY_MAPPED
CD8_T_EXHAUSTED,immune_fine,2,CD8_TEX;CD8_T_EXHAUSTED,4,CD8+GZMK+ Tex;CD8+OXPHOS- Tex;CD8+TCF7+ Tex;CD8+terminal Tex,True,True,FULLY_MAPPED
CD8_T_GENERAL,immune_fine,6,CD8_STEMLIKE;CD8_TEFFECTOR;CD8_TNAIVE;CD8_T_EFFECTOR;CD8_T_GENERAL;CD8_T_NAIVE,10,CD8 T;CD8+IL7R+ Tm;CD8+ISG+ CD8+ T;CD8+KIR+EOMES+ NK-like;CD8+KIR+TXK+ NK-like;CD8+NME1+ T;CD8+Tc17;CD8+Tn;CD8+ZNF683+CXCR6- Tm;Cytotoxic,True,True,FULLY_MAPPED
CD8_TMEMORY,immune_fine,2,CD8_TMEMORY;CD8_TRM,6,CD8+GZMK+ Tem;CD8+GZMK+ early Tem;CD8+Temra;CD8+ZNF683+CXCR6+ Trm;Tcm;Tem,True,True,FULLY_MAPPED
DENDRITIC_CELLS,immune_fine,1,DENDRITIC_CELLS,4,DC;aDC;iDC;rDC,True,True,FULLY_MAPPED
MAIT_CELLS,immune_fine,1,MAIT_CELLS,0,NO_INTERACTOME,True,False,SIGNATURE_ONLY
MDC,immune_fine,1,MDC,0,NO_INTERACTOME,True,False,SIGNATURE_ONLY
MONOCYTE_CLASSICAL,immune_fine,1,MONOCYTE_CLASSICAL,0,NO_INTERACTOME,True,False,SIGNATURE_ONLY
MONOCYTE_NON_CLASSICAL,immune_fine,1,MONOCYTE_NON_CLASSICAL,0,NO_INTERACTOME,True,False,SIGNATURE_ONLY
NK_CELLS,immune_fine,1,NK_CELLS,5,CD56bright NK;CD56dim NK;NK;aNK;rNK,True,True,FULLY_MAPPED
PDC,immune_fine,1,PDC,0,NO_INTERACTOME,True,False,SIGNATURE_ONLY
T_GAMMA_DELTA,immune_fine,1,T_GAMMA_DELTA,1,Tgd,True,True,FULLY_MAPPED
TAM,immune_fine,4,MACROPHAGES;TAM;TAM_C1QC;TAM_SPP1,4,M0;M1;M2;Macrophage,True,True,FULLY_MAPPED
B_CELLS,immune_coarse,3,B CELLS;B_CELLS;PLASMA_CELLS,2,B;Plasma,True,True,FULLY_MAPPED
BASOPHILS,immune_coarse,1,BASOPHILS,1,Eosinophil,True,True,FULLY_MAPPED
CD4+_T_CELLS,immune_coarse,6,CD4+ T CELLS;CD4_TEX;CD4_TH17;CD4_TH2;CD4_TH22;CD4_TRM,22,CD4 Tn;CD4+ADSL+ Tn;CD4+AREG+ Tm;CD4+CAPG+ Tm;CD4+CAPG+CREM- Tm;CD4+CCL5+ Tm;CD4+CCR6+ Th17;CD4+CREM+ Tm;CD4+GZMK+ Tem;CD4+IL26+ Th17;CD4+IL7R- Tn;CD4+ISG+ Th;CD4+NME1+CCR4+ T;CD4+NME1+CCR4- T;CD4+TIMP1+ Tm;CD4+TNF+ T;CD4+Temra;CD4+Tn;Th;Th2;aCD4 Tm;rCD4 Tm,True,True,FULLY_MAPPED
CD8_T_GENERAL,immune_coarse,6,CD8_STEMLIKE;CD8_TEFFECTOR;CD8_TNAIVE;CD8_T_EFFECTOR;CD8_T_GENERAL;CD8_T_NAIVE,10,CD8 T;CD8+IL7R+ Tm;CD8+ISG+ CD8+ T;CD8+KIR+EOMES+ NK-like;CD8+KIR+TXK+ NK-like;CD8+NME1+ T;CD8+Tc17;CD8+Tn;CD8+ZNF683+CXCR6- Tm;Cytotoxic,True,True,FULLY_MAPPED
DENDRITIC_CELLS,immune_coarse,1,DENDRITIC_CELLS,4,DC;aDC;iDC;rDC,True,True,FULLY_MAPPED
MONOCYTES,immune_coarse,4,MDSC;MONOCYTES;MYELOID_CELLS;NEUTROPHILS,2,Monocyte;Neutrophil,True,True,FULLY_MAPPED
NK_CELLS,immune_coarse,1,NK_CELLS,5,CD56bright NK;CD56dim NK;NK;aNK;rNK,True,True,FULLY_MAPPED
T_CELLS,immune_coarse,3,NKT_CELLS;T CELLS GENERAL;T_CELLS,1,T,True,True,FULLY_MAPPED
ACINAR,non_immune,1,ACINAR,0,NO_INTERACTOME,True,False,SIGNATURE_ONLY
ADIPOCYTES,non_immune,1,ADIPOCYTES,0,NO_INTERACTOME,True,False,SIGNATURE_ONLY
FIBROBLASTS,non_immune,3,APCAF;ENDOTHELIAL;FIBROBLASTS,0,NO_INTERACTOME,True,False,SIGNATURE_ONLY
ICAF,non_immune,1,ICAF,0,NO_INTERACTOME,True,False,SIGNATURE_ONLY
ISLET_ENDOCRINE,non_immune,1,ISLET_ENDOCRINE,0,NO_INTERACTOME,True,False,SIGNATURE_ONLY
MAST,non_immune,1,MAST,3,Mast;aMast;rMast,True,True,FULLY_MAPPED
MYCAF,non_immune,1,MYCAF,0,NO_INTERACTOME,True,False,SIGNATURE_ONLY
NEURAL,non_immune,1,NEURAL,0,NO_INTERACTOME,True,False,SIGNATURE_ONLY
NORMAL_DUCTAL,non_immune,1,NORMAL_DUCTAL,0,NO_INTERACTOME,True,False,SIGNATURE_ONLY
PERICYTES_SMC,non_immune,1,PERICYTES_SMC,0,NO_INTERACTOME,True,False,SIGNATURE_ONLY
SCHWANN,non_immune,1,SCHWANN,0,NO_INTERACTOME,True,False,SIGNATURE_ONLY
STELLATE,non_immune,1,STELLATE,0,NO_INTERACTOME,True,False,SIGNATURE_ONLY
TUMOR_CLASSICAL,non_immune,2,TUMOR_BASAL;TUMOR_CLASSICAL,1,Tumor,True,True,FULLY_MAPPED
TUMOR_EPITHELIAL,non_immune,1,TUMOR_EPITHELIAL,0,NO_INTERACTOME,True,False,SIGNATURE_ONLY
