SECTION,QUERY_TERM,DESCRIPTION,CATEGORICAL_TYPES,INTERACTOME_GRANULAR_TYPES,SIGNATURE_NAMES,TOTAL_TYPE_COUNT,CANONICAL_NAME,ORIGINAL_NAME,COMPARTMENT,QUERY_TERMS_THAT_INCLUDE_THIS,NOTES,INTERACTOME_ORIGINAL_NAME,CANONICAL_PARENT,FUNCTIONAL_STATE,SOURCE_DATASETS,CONFIDENCE,SIGNATURE_NAME
QUERY_TERMS,CD4 T cells,All CD4+ T cell types,"CD4+_T_CELLS,CD4_T_NAIVE,CD4_T_REGULATORY,CD4_T_TH1,CD4_TFH","CD4 Tn,CD4+ADSL+ Tn,CD4+AREG+ Tm,CD4+CAPG+ Tm,CD4+CAPG+CREM- Tm,CD4+CCL5+ Tm,CD4+CCR6+ Th17,CD4+CREM+ Tm,CD4+GZMK+ Tem,CD4+IL26+ Th17,CD4+IL7R- Tn,CD4+ISG+ Th,CD4+NME1+CCR4+ T,CD4+NME1+CCR4- T,CD4+TIMP1+ Tm,CD4+TNF+ T,CD4+Temra,CD4+Tn,Th,Th2,aCD4 Tm,rCD4 Tm,CD4+ISG+ Treg,CD4+S1PR1+ Treg,CD4+TNFRSF9+ Treg,CD4+TNFRSF9- Treg,Treg,Th1,CD4+CXCR5+ pre-Tfh,CD4+IFNG+ Tfh/Th1,CD4+IL21+ Tfh,Tfh","CD4+ T CELLS,CD4_TEX,CD4_TH17,CD4_TH2,CD4_TH22,CD4_TRM,CD4_TNAIVE,CD4_T_NAIVE,CD4_TREG,CD4_T_REGULATORY,CD4_TH1,CD4_T_TH1,CD4_TFH",50.0,,,,,,,,,,,
QUERY_TERMS,CD8 T cells,All CD8+ T cell types,"CD8_T_GENERAL,CD8_T_EXHAUSTED,CD8_TMEMORY","CD8 T,CD8+IL7R+ Tm,CD8+ISG+ CD8+ T,CD8+KIR+EOMES+ NK-like,CD8+KIR+TXK+ NK-like,CD8+NME1+ T,CD8+Tc17,CD8+Tn,CD8+ZNF683+CXCR6- Tm,Cytotoxic,CD8+GZMK+ Tex,CD8+OXPHOS- Tex,CD8+TCF7+ Tex,CD8+terminal Tex,CD8+GZMK+ Tem,CD8+GZMK+ early Tem,CD8+Temra,CD8+ZNF683+CXCR6+ Trm,Tcm,Tem","CD8_STEMLIKE,CD8_TEFFECTOR,CD8_TNAIVE,CD8_T_EFFECTOR,CD8_T_GENERAL,CD8_T_NAIVE,CD8_TEX,CD8_T_EXHAUSTED,CD8_TMEMORY,CD8_TRM",33.0,,,,,,,,,,,
QUERY_TERMS,T cells,"All T cell types (CD4, CD8, gamma-delta, MAIT)","CD4+_T_CELLS,CD4_T_NAIVE,CD4_T_REGULATORY,CD4_T_TH1,CD4_TFH,CD8_T_GENERAL,CD8_T_EXHAUSTED,CD8_TMEMORY,T_CELLS,T_GAMMA_DELTA,MAIT_CELLS","CD4 Tn,CD4+ADSL+ Tn,CD4+AREG+ Tm,CD4+CAPG+ Tm,CD4+CAPG+CREM- Tm,CD4+CCL5+ Tm,CD4+CCR6+ Th17,CD4+CREM+ Tm,CD4+GZMK+ Tem,CD4+IL26+ Th17,CD4+IL7R- Tn,CD4+ISG+ Th,CD4+NME1+CCR4+ T,CD4+NME1+CCR4- T,CD4+TIMP1+ Tm,CD4+TNF+ T,CD4+Temra,CD4+Tn,Th,Th2,aCD4 Tm,rCD4 Tm,CD4+ISG+ Treg,CD4+S1PR1+ Treg,CD4+TNFRSF9+ Treg,CD4+TNFRSF9- Treg,Treg,Th1,CD4+CXCR5+ pre-Tfh,CD4+IFNG+ Tfh/Th1,CD4+IL21+ Tfh,Tfh,CD8 T,CD8+IL7R+ Tm,CD8+ISG+ CD8+ T,CD8+KIR+EOMES+ NK-like,CD8+KIR+TXK+ NK-like,CD8+NME1+ T,CD8+Tc17,CD8+Tn,CD8+ZNF683+CXCR6- Tm,Cytotoxic,CD8+GZMK+ Tex,CD8+OXPHOS- Tex,CD8+TCF7+ Tex,CD8+terminal Tex,CD8+GZMK+ Tem,CD8+GZMK+ early Tem,CD8+Temra,CD8+ZNF683+CXCR6+ Trm,Tcm,Tem,T,Tgd","CD4+ T CELLS,CD4_TEX,CD4_TH17,CD4_TH2,CD4_TH22,CD4_TRM,CD4_TNAIVE,CD4_T_NAIVE,CD4_TREG,CD4_T_REGULATORY,CD4_TH1,CD4_T_TH1,CD4_TFH,CD8_STEMLIKE,CD8_TEFFECTOR,CD8_TNAIVE,CD8_T_EFFECTOR,CD8_T_GENERAL,CD8_T_NAIVE,CD8_TEX,CD8_T_EXHAUSTED,CD8_TMEMORY,CD8_TRM,NKT_CELLS,T CELLS GENERAL,T_CELLS,T_GAMMA_DELTA,MAIT_CELLS",93.0,,,,,,,,,,,
QUERY_TERMS,Treg,Regulatory T cells,CD4_T_REGULATORY,"CD4+ISG+ Treg,CD4+S1PR1+ Treg,CD4+TNFRSF9+ Treg,CD4+TNFRSF9- Treg,Treg","CD4_TREG,CD4_T_REGULATORY",8.0,,,,,,,,,,,
QUERY_TERMS,exhausted T cells,Exhausted CD8+ T cells,CD8_T_EXHAUSTED,"CD8+GZMK+ Tex,CD8+OXPHOS- Tex,CD8+TCF7+ Tex,CD8+terminal Tex","CD8_TEX,CD8_T_EXHAUSTED",7.0,,,,,,,,,,,
QUERY_TERMS,B cells,All B cell types,"B_CELLS,B_CELLS_NAIVE","B,Plasma,Bm,Bn","B CELLS,B_CELLS,PLASMA_CELLS,B_CELLS_NAIVE,B_NAIVE",11.0,,,,,,,,,,,
QUERY_TERMS,Macrophages,Tumor-associated macrophages,TAM,"M0,M1,M2,Macrophage","MACROPHAGES,TAM,TAM_C1QC,TAM_SPP1",9.0,,,,,,,,,,,
QUERY_TERMS,Monocytes,Monocyte types,"MONOCYTES,MONOCYTE_CLASSICAL,MONOCYTE_NON_CLASSICAL","Monocyte,Neutrophil","MDSC,MONOCYTES,MYELOID_CELLS,NEUTROPHILS,MONOCYTE_CLASSICAL,MONOCYTE_NON_CLASSICAL",11.0,,,,,,,,,,,
QUERY_TERMS,Dendritic cells,Dendritic cell types,"DENDRITIC_CELLS,MDC,PDC","DC,aDC,iDC,rDC","DENDRITIC_CELLS,MDC,PDC",10.0,,,,,,,,,,,
QUERY_TERMS,NK cells,Natural killer cells,NK_CELLS,"CD56bright NK,CD56dim NK,NK,aNK,rNK",NK_CELLS,7.0,,,,,,,,,,,
QUERY_TERMS,Tumor,Tumor cell types,"TUMOR_CLASSICAL,TUMOR_EPITHELIAL",Tumor,"TUMOR_BASAL,TUMOR_CLASSICAL,TUMOR_EPITHELIAL",6.0,,,,,,,,,,,
QUERY_TERMS,Fibroblasts,Fibroblast and CAF types,"FIBROBLASTS,ICAF,MYCAF",,"APCAF,ENDOTHELIAL,FIBROBLASTS,ICAF,MYCAF",8.0,,,,,,,,,,,
QUERY_TERMS,Mast,Mast cells,MAST,"Mast,aMast,rMast",MAST,5.0,,,,,,,,,,,
CANONICAL_TYPES,,,,,,,B_CELLS,B CELLS,immune_fine,B cells,,,,,,,
CANONICAL_TYPES,,,,,,,B_CELLS_NAIVE,B CELLS NAIVE,immune_fine,B cells,,,,,,,
CANONICAL_TYPES,,,,,,,BASOPHILS,BASOPHILS,immune_fine,NOT_IN_QUERY_TERMS,,,,,,,
CANONICAL_TYPES,,,,,,,CD4_T_NAIVE,CD4 T NAIVE,immune_fine,"CD4 T cells, T cells",,,,,,,
CANONICAL_TYPES,,,,,,,CD4_T_REGULATORY,CD4 T REGULATORY,immune_fine,"CD4 T cells, T cells, Treg",,,,,,,
CANONICAL_TYPES,,,,,,,CD4_T_TH1,CD4 T TH1,immune_fine,"CD4 T cells, T cells",,,,,,,
CANONICAL_TYPES,,,,,,,CD4_TFH,CD4 TFH,immune_fine,"CD4 T cells, T cells",,,,,,,
CANONICAL_TYPES,,,,,,,CD4+_T_CELLS,CD4+ T CELLS,immune_fine,"CD4 T cells, T cells",,,,,,,
CANONICAL_TYPES,,,,,,,CD8_T_EXHAUSTED,CD8 T EXHAUSTED,immune_fine,"CD8 T cells, T cells, exhausted T cells",,,,,,,
CANONICAL_TYPES,,,,,,,CD8_T_GENERAL,CD8 T GENERAL,immune_fine,"CD8 T cells, T cells",,,,,,,
CANONICAL_TYPES,,,,,,,CD8_TMEMORY,CD8 TMEMORY,immune_fine,"CD8 T cells, T cells",,,,,,,
CANONICAL_TYPES,,,,,,,DENDRITIC_CELLS,DENDRITIC CELLS,immune_fine,Dendritic cells,,,,,,,
CANONICAL_TYPES,,,,,,,MAIT_CELLS,MAIT CELLS,immune_fine,T cells,,,,,,,
CANONICAL_TYPES,,,,,,,MDC,MDC,immune_fine,Dendritic cells,,,,,,,
CANONICAL_TYPES,,,,,,,MONOCYTE_CLASSICAL,MONOCYTE CLASSICAL,immune_fine,Monocytes,,,,,,,
CANONICAL_TYPES,,,,,,,MONOCYTE_NON_CLASSICAL,MONOCYTE NON CLASSICAL,immune_fine,Monocytes,,,,,,,
CANONICAL_TYPES,,,,,,,NK_CELLS,NK CELLS,immune_fine,NK cells,,,,,,,
CANONICAL_TYPES,,,,,,,PDC,PDC,immune_fine,Dendritic cells,,,,,,,
CANONICAL_TYPES,,,,,,,T_GAMMA_DELTA,T GAMMA DELTA,immune_fine,T cells,,,,,,,
CANONICAL_TYPES,,,,,,,TAM,TAM,immune_fine,Macrophages,,,,,,,
CANONICAL_TYPES,,,,,,,B_CELLS,B CELLS,immune_coarse,B cells,,,,,,,
CANONICAL_TYPES,,,,,,,BASOPHILS,BASOPHILS,immune_coarse,NOT_IN_QUERY_TERMS,,,,,,,
CANONICAL_TYPES,,,,,,,CD4+_T_CELLS,CD4+ T CELLS,immune_coarse,"CD4 T cells, T cells",,,,,,,
CANONICAL_TYPES,,,,,,,CD8_T_GENERAL,CD8 T GENERAL,immune_coarse,"CD8 T cells, T cells",,,,,,,
CANONICAL_TYPES,,,,,,,DENDRITIC_CELLS,DENDRITIC CELLS,immune_coarse,Dendritic cells,,,,,,,
CANONICAL_TYPES,,,,,,,MONOCYTES,MONOCYTES,immune_coarse,Monocytes,,,,,,,
CANONICAL_TYPES,,,,,,,NK_CELLS,NK CELLS,immune_coarse,NK cells,,,,,,,
CANONICAL_TYPES,,,,,,,T_CELLS,T CELLS,immune_coarse,"CD4 T cells, T cells",,,,,,,
CANONICAL_TYPES,,,,,,,ACINAR,ACINAR,non_immune,NOT_IN_QUERY_TERMS,,,,,,,
CANONICAL_TYPES,,,,,,,ADIPOCYTES,ADIPOCYTES,non_immune,NOT_IN_QUERY_TERMS,,,,,,,
CANONICAL_TYPES,,,,,,,FIBROBLASTS,FIBROBLASTS,non_immune,Fibroblasts,,,,,,,
CANONICAL_TYPES,,,,,,,ICAF,ICAF,non_immune,Fibroblasts,,,,,,,
CANONICAL_TYPES,,,,,,,ISLET_ENDOCRINE,ISLET ENDOCRINE,non_immune,NOT_IN_QUERY_TERMS,,,,,,,
CANONICAL_TYPES,,,,,,,MAST,MAST,non_immune,Mast,,,,,,,
CANONICAL_TYPES,,,,,,,MYCAF,MYCAF,non_immune,Fibroblasts,,,,,,,
CANONICAL_TYPES,,,,,,,NEURAL,NEURAL,non_immune,NOT_IN_QUERY_TERMS,,,,,,,
CANONICAL_TYPES,,,,,,,NORMAL_DUCTAL,NORMAL DUCTAL,non_immune,NOT_IN_QUERY_TERMS,,,,,,,
CANONICAL_TYPES,,,,,,,PERICYTES_SMC,PERICYTES SMC,non_immune,NOT_IN_QUERY_TERMS,,,,,,,
CANONICAL_TYPES,,,,,,,SCHWANN,SCHWANN,non_immune,NOT_IN_QUERY_TERMS,,,,,,,
CANONICAL_TYPES,,,,,,,STELLATE,STELLATE,non_immune,NOT_IN_QUERY_TERMS,,,,,,,
CANONICAL_TYPES,,,,,,,TUMOR_CLASSICAL,TUMOR CLASSICAL,non_immune,Tumor,,,,,,,
CANONICAL_TYPES,,,,,,,TUMOR_EPITHELIAL,TUMOR EPITHELIAL,non_immune,Tumor,,,,,,,
INTERACTOME_TYPES,,,,,,,,,,B cells,,B,B_CELLS,,Bindeya,high,
INTERACTOME_TYPES,,,,,,,,,,B cells,,Bm,B_CELLS_NAIVE,,Newman,high,
INTERACTOME_TYPES,,,,,,,,,,B cells,,Bn,B_CELLS_NAIVE,,Newman,high,
INTERACTOME_TYPES,,,,,,,,,,"CD4 T cells, T cells",,CD4 Tn,CD4+_T_CELLS,naive,Newman,high,
INTERACTOME_TYPES,,,,,,,,,,"CD4 T cells, T cells",GRANULAR PHENOTYPE - PRESERVED FOR INTERACTOME,CD4+ADSL+ Tn,CD4+_T_CELLS,naive,Zheng,high,
INTERACTOME_TYPES,,,,,,,,,,"CD4 T cells, T cells",GRANULAR PHENOTYPE - PRESERVED FOR INTERACTOME,CD4+AREG+ Tm,CD4+_T_CELLS,,Zheng,high,
INTERACTOME_TYPES,,,,,,,,,,"CD4 T cells, T cells",GRANULAR PHENOTYPE - PRESERVED FOR INTERACTOME,CD4+CAPG+ Tm,CD4+_T_CELLS,,Zheng,high,
INTERACTOME_TYPES,,,,,,,,,,"CD4 T cells, T cells",GRANULAR PHENOTYPE - PRESERVED FOR INTERACTOME,CD4+CAPG+CREM- Tm,CD4+_T_CELLS,,Zheng,high,
INTERACTOME_TYPES,,,,,,,,,,"CD4 T cells, T cells",GRANULAR PHENOTYPE - PRESERVED FOR INTERACTOME,CD4+CCL5+ Tm,CD4+_T_CELLS,,Zheng,high,
INTERACTOME_TYPES,,,,,,,,,,"CD4 T cells, T cells",GRANULAR PHENOTYPE - PRESERVED FOR INTERACTOME,CD4+CCR6+ Th17,CD4+_T_CELLS,,Zheng,high,
INTERACTOME_TYPES,,,,,,,,,,"CD4 T cells, T cells",GRANULAR PHENOTYPE - PRESERVED FOR INTERACTOME,CD4+CREM+ Tm,CD4+_T_CELLS,,Zheng,high,
INTERACTOME_TYPES,,,,,,,,,,"CD4 T cells, T cells",GRANULAR PHENOTYPE - PRESERVED FOR INTERACTOME,CD4+CXCR5+ pre-Tfh,CD4_TFH,follicular_helper,Zheng,high,
INTERACTOME_TYPES,,,,,,,,,,"CD4 T cells, T cells",GRANULAR PHENOTYPE - PRESERVED FOR INTERACTOME,CD4+GZMK+ Tem,CD4+_T_CELLS,,Zheng,high,
INTERACTOME_TYPES,,,,,,,,,,"CD4 T cells, T cells",GRANULAR PHENOTYPE - PRESERVED FOR INTERACTOME,CD4+IFNG+ Tfh/Th1,CD4_TFH,follicular_helper,Zheng,high,
INTERACTOME_TYPES,,,,,,,,,,"CD4 T cells, T cells",GRANULAR PHENOTYPE - PRESERVED FOR INTERACTOME,CD4+IL21+ Tfh,CD4_TFH,follicular_helper,Zheng,high,
INTERACTOME_TYPES,,,,,,,,,,"CD4 T cells, T cells",GRANULAR PHENOTYPE - PRESERVED FOR INTERACTOME,CD4+IL26+ Th17,CD4+_T_CELLS,,Zheng,high,
INTERACTOME_TYPES,,,,,,,,,,"CD4 T cells, T cells",GRANULAR PHENOTYPE - PRESERVED FOR INTERACTOME,CD4+IL7R- Tn,CD4+_T_CELLS,naive,Zheng,high,
INTERACTOME_TYPES,,,,,,,,,,"CD4 T cells, T cells",GRANULAR PHENOTYPE - PRESERVED FOR INTERACTOME,CD4+ISG+ Th,CD4+_T_CELLS,,Zheng,high,
INTERACTOME_TYPES,,,,,,,,,,"CD4 T cells, T cells, Treg",GRANULAR PHENOTYPE - PRESERVED FOR INTERACTOME,CD4+ISG+ Treg,CD4_T_REGULATORY,regulatory,Zheng,high,
INTERACTOME_TYPES,,,,,,,,,,"CD4 T cells, T cells",GRANULAR PHENOTYPE - PRESERVED FOR INTERACTOME,CD4+NME1+CCR4+ T,CD4+_T_CELLS,,Zheng,high,
INTERACTOME_TYPES,,,,,,,,,,"CD4 T cells, T cells",GRANULAR PHENOTYPE - PRESERVED FOR INTERACTOME,CD4+NME1+CCR4- T,CD4+_T_CELLS,,Zheng,high,
INTERACTOME_TYPES,,,,,,,,,,"CD4 T cells, T cells, Treg",GRANULAR PHENOTYPE - PRESERVED FOR INTERACTOME,CD4+S1PR1+ Treg,CD4_T_REGULATORY,regulatory,Zheng,high,
INTERACTOME_TYPES,,,,,,,,,,"CD4 T cells, T cells",GRANULAR PHENOTYPE - PRESERVED FOR INTERACTOME,CD4+TIMP1+ Tm,CD4+_T_CELLS,,Zheng,high,
INTERACTOME_TYPES,,,,,,,,,,"CD4 T cells, T cells",GRANULAR PHENOTYPE - PRESERVED FOR INTERACTOME,CD4+TNF+ T,CD4+_T_CELLS,,Zheng,high,
INTERACTOME_TYPES,,,,,,,,,,"CD4 T cells, T cells, Treg",GRANULAR PHENOTYPE - PRESERVED FOR INTERACTOME,CD4+TNFRSF9+ Treg,CD4_T_REGULATORY,regulatory,Zheng,high,
INTERACTOME_TYPES,,,,,,,,,,"CD4 T cells, T cells, Treg",GRANULAR PHENOTYPE - PRESERVED FOR INTERACTOME,CD4+TNFRSF9- Treg,CD4_T_REGULATORY,regulatory,Zheng,high,
INTERACTOME_TYPES,,,,,,,,,,"CD4 T cells, T cells",GRANULAR PHENOTYPE - PRESERVED FOR INTERACTOME,CD4+Temra,CD4+_T_CELLS,,Zheng,high,
INTERACTOME_TYPES,,,,,,,,,,"CD4 T cells, T cells",GRANULAR PHENOTYPE - PRESERVED FOR INTERACTOME,CD4+Tn,CD4+_T_CELLS,naive,Zheng,high,
INTERACTOME_TYPES,,,,,,,,,,NK cells,,CD56bright NK,NK_CELLS,,Bindeya,high,
INTERACTOME_TYPES,,,,,,,,,,NK cells,,CD56dim NK,NK_CELLS,,Bindeya,high,
INTERACTOME_TYPES,,,,,,,,,,"CD8 T cells, T cells",,CD8 T,CD8_T_GENERAL,,"Bindeya, Newman",high,
INTERACTOME_TYPES,,,,,,,,,,"CD8 T cells, T cells",GRANULAR PHENOTYPE - PRESERVED FOR INTERACTOME,CD8+GZMK+ Tem,CD8_TMEMORY,,Zheng,high,
INTERACTOME_TYPES,,,,,,,,,,"CD8 T cells, T cells, exhausted T cells",GRANULAR PHENOTYPE - PRESERVED FOR INTERACTOME,CD8+GZMK+ Tex,CD8_T_EXHAUSTED,,Zheng,high,
INTERACTOME_TYPES,,,,,,,,,,"CD8 T cells, T cells",GRANULAR PHENOTYPE - PRESERVED FOR INTERACTOME,CD8+GZMK+ early Tem,CD8_TMEMORY,,Zheng,high,
INTERACTOME_TYPES,,,,,,,,,,"CD8 T cells, T cells",GRANULAR PHENOTYPE - PRESERVED FOR INTERACTOME,CD8+IL7R+ Tm,CD8_T_GENERAL,,Zheng,high,
INTERACTOME_TYPES,,,,,,,,,,"CD8 T cells, T cells",GRANULAR PHENOTYPE - PRESERVED FOR INTERACTOME,CD8+ISG+ CD8+ T,CD8_T_GENERAL,,Zheng,high,
INTERACTOME_TYPES,,,,,,,,,,"CD8 T cells, T cells",GRANULAR PHENOTYPE - PRESERVED FOR INTERACTOME,CD8+KIR+EOMES+ NK-like,CD8_T_GENERAL,,Zheng,high,
INTERACTOME_TYPES,,,,,,,,,,"CD8 T cells, T cells",GRANULAR PHENOTYPE - PRESERVED FOR INTERACTOME,CD8+KIR+TXK+ NK-like,CD8_T_GENERAL,,Zheng,high,
INTERACTOME_TYPES,,,,,,,,,,"CD8 T cells, T cells",GRANULAR PHENOTYPE - PRESERVED FOR INTERACTOME,CD8+NME1+ T,CD8_T_GENERAL,,Zheng,high,
INTERACTOME_TYPES,,,,,,,,,,"CD8 T cells, T cells, exhausted T cells",GRANULAR PHENOTYPE - PRESERVED FOR INTERACTOME,CD8+OXPHOS- Tex,CD8_T_EXHAUSTED,,Zheng,high,
INTERACTOME_TYPES,,,,,,,,,,"CD8 T cells, T cells, exhausted T cells",GRANULAR PHENOTYPE - PRESERVED FOR INTERACTOME,CD8+TCF7+ Tex,CD8_T_EXHAUSTED,,Zheng,high,
INTERACTOME_TYPES,,,,,,,,,,"CD8 T cells, T cells",GRANULAR PHENOTYPE - PRESERVED FOR INTERACTOME,CD8+Tc17,CD8_T_GENERAL,,Zheng,high,
INTERACTOME_TYPES,,,,,,,,,,"CD8 T cells, T cells",GRANULAR PHENOTYPE - PRESERVED FOR INTERACTOME,CD8+Temra,CD8_TMEMORY,,Zheng,high,
INTERACTOME_TYPES,,,,,,,,,,"CD8 T cells, T cells",GRANULAR PHENOTYPE - PRESERVED FOR INTERACTOME,CD8+Tn,CD8_T_GENERAL,naive,Zheng,high,
INTERACTOME_TYPES,,,,,,,,,,"CD8 T cells, T cells",GRANULAR PHENOTYPE - PRESERVED FOR INTERACTOME,CD8+ZNF683+CXCR6+ Trm,CD8_TMEMORY,,Zheng,high,
INTERACTOME_TYPES,,,,,,,,,,"CD8 T cells, T cells",GRANULAR PHENOTYPE - PRESERVED FOR INTERACTOME,CD8+ZNF683+CXCR6- Tm,CD8_T_GENERAL,,Zheng,high,
INTERACTOME_TYPES,,,,,,,,,,"CD8 T cells, T cells, exhausted T cells",GRANULAR PHENOTYPE - PRESERVED FOR INTERACTOME,CD8+terminal Tex,CD8_T_EXHAUSTED,,Zheng,high,
INTERACTOME_TYPES,,,,,,,,,,"CD8 T cells, T cells",,Cytotoxic,CD8_T_GENERAL,,Bindeya,high,
INTERACTOME_TYPES,,,,,,,,,,Dendritic cells,,DC,DENDRITIC_CELLS,,Bindeya,high,
INTERACTOME_TYPES,,,,,,,,,,NOT_IN_QUERY_TERMS,,Eosinophil,BASOPHILS,,"Bindeya, Newman",medium,
INTERACTOME_TYPES,,,,,,,,,,Macrophages,,M0,TAM,,Newman,high,
INTERACTOME_TYPES,,,,,,,,,,Macrophages,,M1,TAM,,Newman,high,
INTERACTOME_TYPES,,,,,,,,,,Macrophages,,M2,TAM,,Newman,high,
INTERACTOME_TYPES,,,,,,,,,,Macrophages,,Macrophage,TAM,,Bindeya,high,
INTERACTOME_TYPES,,,,,,,,,,Mast,,Mast,MAST,,Bindeya,high,
INTERACTOME_TYPES,,,,,,,,,,Monocytes,,Monocyte,MONOCYTES,,Newman,high,
INTERACTOME_TYPES,,,,,,,,,,"CD8 T cells, T cells, NK cells",,NK,NK_CELLS,,Bindeya,high,
INTERACTOME_TYPES,,,,,,,,,,Monocytes,,Neutrophil,MONOCYTES,,"Bindeya, Newman",medium,
INTERACTOME_TYPES,,,,,,,,,,B cells,,Plasma,B_CELLS,,Newman,high,
INTERACTOME_TYPES,,,,,,,,,,"CD4 T cells, CD8 T cells, T cells, Treg, exhausted T cells, Tumor",,T,T_CELLS,,Bindeya,high,
INTERACTOME_TYPES,,,,,,,,,,"CD8 T cells, T cells",,Tcm,CD8_TMEMORY,,Bindeya,high,
INTERACTOME_TYPES,,,,,,,,,,"CD4 T cells, CD8 T cells, T cells",,Tem,CD8_TMEMORY,,Bindeya,high,
INTERACTOME_TYPES,,,,,,,,,,"CD4 T cells, T cells",,Tfh,CD4_TFH,follicular_helper,"Bindeya, Newman",high,
INTERACTOME_TYPES,,,,,,,,,,T cells,,Tgd,T_GAMMA_DELTA,,"Bindeya, Newman",high,
INTERACTOME_TYPES,,,,,,,,,,"CD4 T cells, T cells",,Th,CD4+_T_CELLS,t_helper,Bindeya,high,
INTERACTOME_TYPES,,,,,,,,,,"CD4 T cells, T cells",,Th1,CD4_T_TH1,,Bindeya,high,
INTERACTOME_TYPES,,,,,,,,,,"CD4 T cells, T cells",,Th2,CD4+_T_CELLS,,Bindeya,high,
INTERACTOME_TYPES,,,,,,,,,,"CD4 T cells, T cells, Treg",,Treg,CD4_T_REGULATORY,regulatory,Newman,high,
INTERACTOME_TYPES,,,,,,,,,,Tumor,,Tumor,TUMOR_CLASSICAL,,Bindeya,high,
INTERACTOME_TYPES,,,,,,,,,,"CD4 T cells, T cells",,aCD4 Tm,CD4+_T_CELLS,,Newman,high,
INTERACTOME_TYPES,,,,,,,,,,Dendritic cells,,aDC,DENDRITIC_CELLS,,"Bindeya, Newman",high,
INTERACTOME_TYPES,,,,,,,,,,Mast,,aMast,MAST,,Newman,high,
INTERACTOME_TYPES,,,,,,,,,,NK cells,,aNK,NK_CELLS,,Newman,high,
INTERACTOME_TYPES,,,,,,,,,,Dendritic cells,,iDC,DENDRITIC_CELLS,,Bindeya,high,
INTERACTOME_TYPES,,,,,,,,,,"CD4 T cells, T cells",,rCD4 Tm,CD4+_T_CELLS,,Newman,high,
INTERACTOME_TYPES,,,,,,,,,,Dendritic cells,,rDC,DENDRITIC_CELLS,,Newman,high,
INTERACTOME_TYPES,,,,,,,,,,Mast,,rMast,MAST,,Newman,high,
INTERACTOME_TYPES,,,,,,,,,,NK cells,,rNK,NK_CELLS,,Newman,high,
SIGNATURES,,,,,,,,,,NOT_IN_QUERY_TERMS,,,,,,,ACINAR
SIGNATURES,,,,,,,,,,NOT_IN_QUERY_TERMS,,,,,,,ADIPOCYTES
SIGNATURES,,,,,,,,,,Fibroblasts,,,,,,,APCAF
SIGNATURES,,,,,,,,,,B cells,,,,,,,B CELLS
SIGNATURES,,,,,,,,,,NOT_IN_QUERY_TERMS,,,,,,,BASOPHILS
SIGNATURES,,,,,,,,,,B cells,,,,,,,B_CELLS
SIGNATURES,,,,,,,,,,B cells,,,,,,,B_CELLS_NAIVE
SIGNATURES,,,,,,,,,,B cells,,,,,,,B_NAIVE
SIGNATURES,,,,,,,,,,"CD4 T cells, T cells",,,,,,,CD4+ T CELLS
SIGNATURES,,,,,,,,,,"CD4 T cells, T cells",,,,,,,CD4_TEX
SIGNATURES,,,,,,,,,,"CD4 T cells, T cells",,,,,,,CD4_TFH
SIGNATURES,,,,,,,,,,"CD4 T cells, T cells",,,,,,,CD4_TH1
SIGNATURES,,,,,,,,,,"CD4 T cells, T cells",,,,,,,CD4_TH17
SIGNATURES,,,,,,,,,,"CD4 T cells, T cells",,,,,,,CD4_TH2
SIGNATURES,,,,,,,,,,"CD4 T cells, T cells",,,,,,,CD4_TH22
SIGNATURES,,,,,,,,,,"CD4 T cells, T cells",,,,,,,CD4_TNAIVE
SIGNATURES,,,,,,,,,,"CD4 T cells, T cells, Treg",,,,,,,CD4_TREG
SIGNATURES,,,,,,,,,,"CD4 T cells, T cells",,,,,,,CD4_TRM
SIGNATURES,,,,,,,,,,"CD4 T cells, T cells",,,,,,,CD4_T_NAIVE
SIGNATURES,,,,,,,,,,"CD4 T cells, T cells, Treg",,,,,,,CD4_T_REGULATORY
SIGNATURES,,,,,,,,,,"CD4 T cells, T cells",,,,,,,CD4_T_TH1
SIGNATURES,,,,,,,,,,"CD8 T cells, T cells",,,,,,,CD8_STEMLIKE
SIGNATURES,,,,,,,,,,"CD8 T cells, T cells",,,,,,,CD8_TEFFECTOR
SIGNATURES,,,,,,,,,,"CD8 T cells, T cells, exhausted T cells",,,,,,,CD8_TEX
SIGNATURES,,,,,,,,,,"CD8 T cells, T cells",,,,,,,CD8_TMEMORY
SIGNATURES,,,,,,,,,,"CD8 T cells, T cells",,,,,,,CD8_TNAIVE
SIGNATURES,,,,,,,,,,"CD8 T cells, T cells",,,,,,,CD8_TRM
SIGNATURES,,,,,,,,,,"CD8 T cells, T cells",,,,,,,CD8_T_EFFECTOR
SIGNATURES,,,,,,,,,,"CD8 T cells, T cells, exhausted T cells",,,,,,,CD8_T_EXHAUSTED
SIGNATURES,,,,,,,,,,"CD8 T cells, T cells",,,,,,,CD8_T_GENERAL
SIGNATURES,,,,,,,,,,"CD8 T cells, T cells",,,,,,,CD8_T_NAIVE
SIGNATURES,,,,,,,,,,Dendritic cells,,,,,,,DENDRITIC_CELLS
SIGNATURES,,,,,,,,,,Fibroblasts,,,,,,,ENDOTHELIAL
SIGNATURES,,,,,,,,,,Fibroblasts,,,,,,,FIBROBLASTS
SIGNATURES,,,,,,,,,,Fibroblasts,,,,,,,ICAF
SIGNATURES,,,,,,,,,,NOT_IN_QUERY_TERMS,,,,,,,ISLET_ENDOCRINE
SIGNATURES,,,,,,,,,,Macrophages,,,,,,,MACROPHAGES
SIGNATURES,,,,,,,,,,T cells,,,,,,,MAIT_CELLS
SIGNATURES,,,,,,,,,,Mast,,,,,,,MAST
SIGNATURES,,,,,,,,,,Dendritic cells,,,,,,,MDC
SIGNATURES,,,,,,,,,,Monocytes,,,,,,,MDSC
SIGNATURES,,,,,,,,,,Monocytes,,,,,,,MONOCYTES
SIGNATURES,,,,,,,,,,Monocytes,,,,,,,MONOCYTE_CLASSICAL
SIGNATURES,,,,,,,,,,Monocytes,,,,,,,MONOCYTE_NON_CLASSICAL
SIGNATURES,,,,,,,,,,Fibroblasts,,,,,,,MYCAF
SIGNATURES,,,,,,,,,,Monocytes,,,,,,,MYELOID_CELLS
SIGNATURES,,,,,,,,,,NOT_IN_QUERY_TERMS,,,,,,,NEURAL
SIGNATURES,,,,,,,,,,Monocytes,,,,,,,NEUTROPHILS
SIGNATURES,,,,,,,,,,T cells,,,,,,,NKT_CELLS
SIGNATURES,,,,,,,,,,NK cells,,,,,,,NK_CELLS
SIGNATURES,,,,,,,,,,NOT_IN_QUERY_TERMS,,,,,,,NORMAL_DUCTAL
SIGNATURES,,,,,,,,,,Dendritic cells,,,,,,,PDC
SIGNATURES,,,,,,,,,,NOT_IN_QUERY_TERMS,,,,,,,PERICYTES_SMC
SIGNATURES,,,,,,,,,,B cells,,,,,,,PLASMA_CELLS
SIGNATURES,,,,,,,,,,NOT_IN_QUERY_TERMS,,,,,,,SCHWANN
SIGNATURES,,,,,,,,,,NOT_IN_QUERY_TERMS,,,,,,,STELLATE
SIGNATURES,,,,,,,,,,T cells,,,,,,,T CELLS GENERAL
SIGNATURES,,,,,,,,,,Macrophages,,,,,,,TAM
SIGNATURES,,,,,,,,,,Macrophages,,,,,,,TAM_C1QC
SIGNATURES,,,,,,,,,,Macrophages,,,,,,,TAM_SPP1
SIGNATURES,,,,,,,,,,Tumor,,,,,,,TUMOR_BASAL
SIGNATURES,,,,,,,,,,Tumor,,,,,,,TUMOR_CLASSICAL
SIGNATURES,,,,,,,,,,Tumor,,,,,,,TUMOR_EPITHELIAL
SIGNATURES,,,,,,,,,,T cells,,,,,,,T_CELLS
SIGNATURES,,,,,,,,,,T cells,,,,,,,T_GAMMA_DELTA
